Workbook

Sheet Forside
A9: NFSP0598
A10: Høje Taastrup – Roskilde St. Fri strækning
A24: Tilbudsliste (TBL)
A43: Dato: | B43: 45980.575
A44: Rev: | B44: 5.0
A45: Udarbejdet af: | B45: [Åbent tekstfelt]
A46: Godkendt: | B46: [Åbent tekstfelt]

Sheet Revisionslog
A5: Revisionslog
A8: Revision | B8: Int. | C8: Dato | D8: Beskrivelse af ændring
A9: 1.0 | C9: 45771.325 | D9: Første version
A10: 2.0 | C10: 45932.295 | D10: Se farvemarkeringer i bilag Høje Taastrup – Roskilde St. Fri strækning_NFSP0598_v2.xlsx
A11: 3.0 | C11: 45952.447 | D11: Se farvemarkeringer i bilag Høje Taastrup – Roskilde St. Fri strækning_NFSP0598_v3.xlsx
A12: 4.0 | C12: 45967.575 | D12: Se farvemarkeringer i bilag Høje Taastrup – Roskilde St. Fri strækning_NFSP0598_v4.xlsx
A13: 5.0 | C13: 45980.575 | D13: Se farvemarkeringer i bilag Høje Taastrup – Roskilde St. Fri strækning_NFSP0598_v5.xlsx

Sheet Hovedtilbudsliste
A1: Tilbudsliste
A3: Undertegnede entreprenør tilbyder herved Banedanmark at udføre ydelser i henhold til udbudsmaterialet vedr.
A4: NFSP0598 Høje Taastrup – Roskilde St. Fri strækning
A5: [Åbent tekstfelt]
A6: Hovedtilbudsliste
A7: FP | B7: Arbejdets art | D7: I alt DKK
A8: 3 | B8: Spor | D8: ='3 Spor'!T18 -> 13156356
A9: 4 | B9: Jord og ballast | D9: ='4 Jord og ballast'!T16 -> 5385023
A10: 5 | B10: Afvanding | D10: ='5 Afvanding'!T81 -> 35853511
A11: 6 | B11: Kabelomlægning og føringsveje | D11: ='6 Kabelomlægning og føringsveje'!T22 -> 5951162
A12: 8 | B12: Perroner | D12: ='8 Perroner'!T14 -> 1424178
A13: 9 | B13: Kørestrøm | D13: ='9 Kørestrøm'!T58 -> 11396006
A14: 10 | B14: Sikring | D14: ='10 Sikring'!T33 -> 6696915
A15: 12 | B15: Broer og konstruktioner | D15: ='12 Broer og konstruktioner'!T26 -> 2369231
A16: 14 | B16: Håndtering og bortskaffelse | D16: ='14 Håndtering og bortskaffelse'!T19 -> 9974303
A17: 15 | B17: Administration og arbejdsplads | D17: ='15 Administration og arbejdspla'!T43 -> 48827255
A18: 16 | B18: Ændringsydelser | D18: ='16 Ændringsydelser'!T50 -> 8877758
B26: Samlet tilbudssum | D26: =SUM(D8:D25) -> 149911698
A28: Samlet tilbudssum skrevet: | C28: en-fire-ni-ni-fire-syv-fem-seks-seks/00
A30: Alle ovennævnte beløb vil blive tillagt moms efter gældende lov.
A31: Tilbuddet er afgivet i henhold til det i rettelsesblad(e) til de bydende nr.: | C31: 1, 2 og 3 | E31: anførte.
A33: Indeholder tilbuddet forbehold: | C33: Nej
A34: Evt. forbehold vedlagt som bilag nr.: | C34: Ingen
A36: Bemyndiget til at føre forhandlinger vedrørende nærværende tilbud, jf. KB er: | C36: Sektionsdirektør
A38: Navn: | B38: Jacob Sanbeck Nielsen
A39: Firma: | B39: Aarsleff Rail A/S
A40: Mail: | B40: jsni@aarsleffrail.com
A41: Tlf.nr.: | B41: 2027 4682
A43: Tilbudsgiverens underskrift er bindende for samtlige angivne priser og oplysninger i øvrigt i det samlede tilbud med tilhørende bilag.
A44: ……………………………….den…………………………………………………………………………………
A46: ………………………………….…………………………………………………………………………………
A47: (Underskrift)

Sheet 3 Spor
A1: Fagpost (FP) Hovedpost (HP) Post (P) Underpost (UP) | B1: Spor | C1: Enhed | D1: Mængde Forberedende arbejder | E1: Mængde Stadie 1 -1.+ 2. hovedspor Htå -Ro spærret | F1: Mængde Stadie 1a | G1: Mængde Stadie 3 – 3. + 4. hovedspor Htå - Ro spærret | H1: Mængde Stadie 3a | I1: Mængde Stadie 2 – 2. + 3. hovedspor Htå – Ro spærret | J1: Mængde Stadie 2a | K1: Mængde Stadie 4 – 1. og 2. hovedspor Høje Taastrup – Roskilde spærret | L1: Mængde Stadie 5 – 1 + 2 hsp Htå – Ro. Maskinelle arbejder på rammeaftale | M1: Mængde Stadie 6 – Afsluttende manuelle arbejder | N1: Mængde Stadie 7 - 3. og 4. hovedspor Høje Taastrup – Roskilde spærret. Manuelle arbejder | O1: Mængde Stadie 7a - 2. hovedspor Høje Taastrup – Roskilde spærret | P1: Mængde Stadie 8 – 3 + 4 hovedspor Htå – Ro Maskinelle arbejder på rammeaftale | Q1: Mængde Stadie 9 - 3. og 4. hovedspor Høje Taastrup – Roskilde spærret. Afsluttende manuelle arbejder | R1: Mængde i alt | S1: Enhedspris DKK | T1: I alt DKK
A2: 3 | B2: Spor | T2: =R2*S2 -> 0
A3: 3.1 | B3: Bygherreleverancer | T3: =R3*S3 -> 0
A4: 3.3 | B4: Sporkonstruktioner | T4: =R4*S4 -> 0
A5: 3.3.6 | B5: Optagning og genindbygning af sporrammer | C5: M | D5: 0 | E5: 492 | F5: 0 | G5: 143 | H5: 0 | I5: 140 | J5: 0 | K5: 0 | L5: 0 | M5: 0 | N5: 0 | O5: 0 | P5: 0 | Q5: 0 | R5: =SUM(D5:Q5) -> 775 | S5: 7494 | T5: =R5*S5 -> 5807850
A6: 3.5 | B6: Svejsearbejder | T6: =R6*S6 -> 0
A7: 3.5.3 | B7: Spændingsudligning | T7: =R7*S7 -> 0
A8: 3.5.3.1 | B8: Spor der kun er ballastrenset / justeret med sideflytning | C8: M | D8: 0 | E8: 0 | F8: 0 | G8: 0 | H8: 0 | I8: 18000 | J8: 0 | K8: 0 | L8: 0 | M8: 0 | N8: 0 | O8: 0 | P8: 0 | Q8: 0 | R8: =SUM(D8:Q8) -> 18000 | S8: 101 | T8: =R8*S8 -> 1818000
A9: 3.6 | B9: Justeringsarbejder | T9: =R9*S9 -> 0
A10: 3.6.3 | B10: Slutjustering spor | C10: M | D10: 0 | E10: 492 | F10: 0 | G10: 143 | H10: 0 | I10: 140 | J10: 0 | K10: 0 | L10: 0 | M10: 0 | N10: 0 | O10: 0 | P10: 0 | Q10: 0 | R10: =SUM(D10:Q10) -> 775 | S10: 1008 | T10: =R10*S10 -> 781200
A11: 3.6.5 | B11: Justering af ikke ombygget spor | C11: M | D11: 0 | E11: 0 | F11: 0 | G11: 0 | H11: 0 | I11: 18000 | J11: 0 | K11: 0 | L11: 0 | M11: 0 | N11: 0 | O11: 0 | P11: 0 | Q11: 0 | R11: =SUM(D11:Q11) -> 18000 | S11: 145 | T11: =R11*S11 -> 2610000
A12: 3.6.6 | B12: Justering af eksisterende sporskifter | C12: STK | D12: 0 | E12: 0 | F12: 0 | G12: 0 | H12: 0 | I12: 4 | J12: 0 | K12: 0 | L12: 0 | M12: 0 | N12: 0 | O12: 0 | P12: 0 | Q12: 0 | R12: =SUM(D12:Q12) -> 4 | S12: 122531 | T12: =R12*S12 -> 490124
A13: 3.6.7 | B13: kørsel med DSM (100.000 bruttoton) | C13: M | D13: 0 | E13: 0 | F13: 0 | G13: 0 | H13: 0 | I13: 18800 | J13: 0 | K13: 0 | L13: 0 | M13: 0 | N13: 0 | O13: 0 | P13: 0 | Q13: 0 | R13: =SUM(D13:Q13) -> 18800 | S13: 17.5 | T13: =R13*S13 -> 329000
A14: 3.6.9 | B14: Belastning af sporbærende broer (25.000 bruttoton) | C14: STK | D14: 0 | E14: 0 | F14: 0 | G14: 0 | H14: 0 | I14: 13 | J14: 0 | K14: 0 | L14: 0 | M14: 0 | N14: 0 | O14: 0 | P14: 0 | Q14: 0 | R14: =SUM(D14:Q14) -> 13 | S14: 16814 | T14: =R14*S14 -> 218582
A15: 3.7 | B15: Øvrige sporarbejder | T15: =R15*S15 -> 0
A16: 3.7.12 | B16: Krabbemåling ved spor- og bro-arbejder | C16: M | D16: 8400 | E16: 0 | F16: 0 | G16: 0 | H16: 0 | I16: 18800 | J16: 0 | K16: 0 | L16: 0 | M16: 0 | N16: 0 | O16: 0 | P16: 0 | Q16: 0 | R16: =SUM(D16:Q16) -> 27200 | S16: 40.5 | T16: =R16*S16 -> 1101600
B18: Samlet tilbudssum ekskl. moms (i DKK) | T18: =SUM(T2:T16) -> 13156356
B19: Overføres til "Hovedtilbudsliste"

Sheet 4 Jord og ballast
A1: Fagpost (FP) Hovedpost (HP) Post (P) Underpost (UP) | B1: Jord og ballast | C1: Enhed | D1: Mængde Forberedende arbejder | E1: Mængde Stadie 1 -1.+ 2. hovedspor Htå -Ro spærret | F1: Mængde Stadie 1a | G1: Mængde Stadie 3 – 3. + 4. hovedspor Htå - Ro spærret | H1: Mængde Stadie 3a | I1: Mængde Stadie 2 – 2. + 3. hovedspor Htå – Ro spærret | J1: Mængde Stadie 2a | K1: Mængde Stadie 4 – 1. og 2. hovedspor Høje Taastrup – Roskilde spærret | L1: Mængde Stadie 5 – 1 + 2 hsp Htå – Ro. Maskinelle arbejder på rammeaftale | M1: Mængde Stadie 6 – Afsluttende manuelle arbejder | N1: Mængde Stadie 7 - 3. og 4. hovedspor Høje Taastrup – Roskilde spærret. Manuelle arbejder | O1: Mængde Stadie 7a - 2. hovedspor Høje Taastrup – Roskilde spærret | P1: Mængde Stadie 8 – 3 + 4 hovedspor Htå – Ro Maskinelle arbejder på rammeaftale | Q1: Mængde Stadie 9 - 3. og 4. hovedspor Høje Taastrup – Roskilde spærret. Afsluttende manuelle arbejder | R1: Mængde i alt | S1: Enhedspris DKK | T1: I alt DKK
A2: 4 | B2: Jord og ballast | T2: =R2*S2 -> 0
A3: 4.1 | B3: Materialer | T3: =R3*S3 -> 0
A4: 4.1.1 | B4: Levering af ballastskærver | C4: M3 | D4: 4 | E4: 84 | F4: 0 | G4: 0 | H4: 0 | I4: 1417 | J4: 0 | K4: 0 | L4: 0 | M4: 0 | N4: 0 | O4: 0 | P4: 0 | Q4: 0 | R4: =SUM(D4:Q4) -> 1505 | S4: 402 | T4: =R4*S4 -> 605010
A5: 4.1.3 | B5: Levering af SGII | C5: M3 | D5: 0 | E5: 257 | F5: 0 | G5: 0 | H5: 0 | I5: 14 | J5: 0 | K5: 0 | L5: 0 | M5: 0 | N5: 0 | O5: 0 | P5: 0 | Q5: 0 | R5: =SUM(D5:Q5) -> 271 | S5: 442 | T5: =R5*S5 -> 119782
A6: 4.1.4 | B6: Levering af veldrænende grus | C6: M3 | D6: 43 | E6: 0 | F6: 0 | G6: 0 | H6: 0 | I6: 10845 | J6: 0 | K6: 0 | L6: 0 | M6: 0 | N6: 0 | O6: 0 | P6: 0 | Q6: 0 | R6: =SUM(D6:Q6) -> 10888 | S6: 252 | T6: =R6*S6 -> 2743776
A7: 4.1.5 | B7: Levering af BLII | C7: M3 | D7: 0 | E7: 244 | F7: 0 | G7: 0 | H7: 0 | I7: 0 | J7: 0 | K7: 0 | L7: 0 | M7: 0 | N7: 0 | O7: 0 | P7: 0 | Q7: 0 | R7: =SUM(D7:Q7) -> 244 | S7: 344 | T7: =R7*S7 -> 83936
A8: 4.1.a | B8: Levering af filtermateriale | C8: M3 | D8: 0 | E8: 0 | F8: 0 | G8: 0 | H8: 0 | I8: 1985 | J8: 0 | K8: 0 | L8: 0 | M8: 0 | N8: 0 | O8: 0 | P8: 0 | Q8: 0 | R8: =SUM(D8:Q8) -> 1985 | S8: 400 | T8: =R8*S8 -> 794000
A9: 4.5 | B9: Råjordsarbejder | T9: =R9*S9 -> 0
A10: 4.6 | B10: Øvrige jord- og ballastarbejder | T10: =R10*S10 -> 0
A11: 4.6.1 | B11: Etablering af brokiler ved sporbærende broer | C11: STK | D11: 0 | E11: 6 | F11: 0 | G11: 6 | H11: 0 | I11: 0 | J11: 0 | K11: 0 | L11: 0 | M11: 0 | N11: 0 | O11: 0 | P11: 0 | Q11: 0 | R11: =SUM(D11:Q11) -> 12 | S11: 18544 | T11: =R11*S11 -> 222528
A12: 4.6.3 | B12: Ballastmåtter på sporbærende broer | C12: M2 | D12: 0 | E12: 135 | F12: 0 | G12: 0 | H12: 0 | I12: 0 | J12: 0 | K12: 0 | L12: 0 | M12: 0 | N12: 0 | O12: 0 | P12: 0 | Q12: 0 | R12: =SUM(D12:Q12) -> 135 | S12: 1509 | T12: =R12*S12 -> 203715
A13: 4.X | B13: Projektspecifikke arbejder ifm. Jord og ballast | T13: =R13*S13 -> 0
A14: 4.X.1 | B14: Reprofilering af skærveballast efter etablering af drænrende mellem spor 2 og 3 | C14: M | D14: 0 | E14: 0 | F14: 0 | G14: 0 | H14: 0 | I14: 16548 | J14: 0 | K14: 0 | L14: 0 | M14: 0 | N14: 0 | O14: 0 | P14: 0 | Q14: 0 | R14: =SUM(D14:Q14) -> 16548 | S14: 37 | T14: =R14*S14 -> 612276
B16: Samlet tilbudssum ekskl. moms (i DKK) | T16: =SUM(T2:T14) -> 5385023
B17: Overføres til "Hovedtilbudsliste"

Sheet 5 Afvanding
A1: Fagpost (FP) Hovedpost (HP) Post (P) Underpost (UP) | B1: Afvanding | C1: Enhed | D1: Mængde Forberedende arbejder | E1: Mængde Stadie 1 -1.+ 2. hovedspor Htå -Ro spærret | F1: Mængde Stadie 1a | G1: Mængde Stadie 3 – 3. + 4. hovedspor Htå - Ro spærret | H1: Mængde Stadie 3a | I1: Mængde Stadie 2 – 2. + 3. hovedspor Htå – Ro spærret | J1: Mængde Stadie 2a | K1: Mængde Stadie 4 – 1. og 2. hovedspor Høje Taastrup – Roskilde spærret | L1: Mængde Stadie 5 – 1 + 2 hsp Htå – Ro. Maskinelle arbejder på rammeaftale | M1: Mængde Stadie 6 – Afsluttende manuelle arbejder | N1: Mængde Stadie 7 - 3. og 4. hovedspor Høje Taastrup – Roskilde spærret. Manuelle arbejder | O1: Mængde Stadie 7a - 2. hovedspor Høje Taastrup – Roskilde spærret | P1: Mængde Stadie 8 – 3 + 4 hovedspor Htå – Ro Maskinelle arbejder på rammeaftale | Q1: Mængde Stadie 9 - 3. og 4. hovedspor Høje Taastrup – Roskilde spærret. Afsluttende manuelle arbejder | R1: Mængde i alt | S1: Enhedspris DKK | T1: I alt DKK
A2: 5 | B2: Afvanding | T2: =R2*S2 -> 0
A3: 5.1 | B3: Etablering af drænsystem | T3: =R3*S3 -> 0
A4: 5.1.1 | B4: Etablering af fuldslidset dræn, dybde ≤ 1 m under råjordsplanum | T4: =R4*S4 -> 0
A5: 5.1.1.1 | B5: Ø160 (Ø145) med filtergrus A, udgravning bredde 0,40 meter | C5: M | D5: 0 | E5: 21 | F5: 0 | G5: 21 | H5: 0 | I5: 829 | J5: 0 | K5: 0 | L5: 0 | M5: 0 | N5: 0 | O5: 0 | P5: 0 | Q5: 0 | R5: =SUM(D5:Q5) -> 871 | S5: 1965 | T5: =R5*S5 -> 1711515
A6: 5.1.1.a | B6: Brokile dræn | C6: M | D6: 0 | E6: 22 | F6: 0 | G6: 0 | H6: 25 | I6: 0 | J6: 0 | K6: 0 | L6: 0 | M6: 0 | N6: 0 | O6: 0 | P6: 0 | Q6: 0 | R6: =SUM(D6:Q6) -> 47 | S6: 4025 | T6: =R6*S6 -> 189175
A7: 5.1.3 | B7: Etablering af topslidset dræn, dybde ≤ 1 m under råjordsplanum | T7: =R7*S7 -> 0
A8: 5.1.3.1 | B8: Ø160 (Ø145) med filtergrus A, udgravning bredde 0,40 meter | C8: M | D8: 0 | E8: 0 | F8: 0 | G8: 0 | H8: 0 | I8: 1818 | J8: 0 | K8: 0 | L8: 0 | M8: 0 | N8: 0 | O8: 0 | P8: 0 | Q8: 0 | R8: =SUM(D8:Q8) -> 1818 | S8: 2065 | T8: =R8*S8 -> 3754170
A9: 5.1.3.2 | B9: Ø200 (Ø180) med filtergrus A, udgravning bredde 0,60 meter | C9: M | D9: 0 | E9: 0 | F9: 0 | G9: 0 | H9: 0 | I9: 2067 | J9: 0 | K9: 0 | L9: 0 | M9: 0 | N9: 0 | O9: 0 | P9: 0 | Q9: 0 | R9: =SUM(D9:Q9) -> 2067 | S9: 2864 | T9: =R9*S9 -> 5919888
A10: 5.1.3.3 | B10: Ø250 med filtergrus A, udgravning bredde 0,60 meter | C10: M | D10: 0 | E10: 0 | F10: 0 | G10: 0 | H10: 0 | I10: 1960 | J10: 0 | K10: 0 | L10: 0 | M10: 0 | N10: 0 | O10: 0 | P10: 0 | Q10: 0 | R10: =SUM(D10:Q10) -> 1960 | S10: 3042 | T10: =R10*S10 -> 5962320
A11: 5.1.3.4 | B11: Ø315 med filtergrus A, udgravning bredde 0,60 meter | C11: M | D11: 0 | E11: 0 | F11: 0 | G11: 0 | H11: 0 | I11: 1197 | J11: 0 | K11: 0 | L11: 0 | M11: 0 | N11: 0 | O11: 0 | P11: 0 | Q11: 0 | R11: =SUM(D11:Q11) -> 1197 | S11: 3471 | T11: =R11*S11 -> 4154787
A12: 5.2 | B12: Etablering af tætte ledninger og trykledning | T12: =R12*S12 -> 0
A13: 5.2.1 | B13: Etablering af tætte ledninger, dybde ≤ 1 m under råjordsplanrum | T13: =R13*S13 -> 0
A14: 5.2.1.1 | B14: Ø160 PP/PE | C14: M | D14: 0 | E14: 26 | F14: 0 | G14: 7 | H14: 0 | I14: 451 | J14: 0 | K14: 0 | L14: 0 | M14: 0 | N14: 0 | O14: 0 | P14: 0 | Q14: 0 | R14: =SUM(D14:Q14) -> 484 | S14: 2463 | T14: =R14*S14 -> 1192092
A15: 5.2.1.2 | B15: Ø200 PP/PE | C15: M | D15: 0 | E15: 0 | F15: 0 | G15: 0 | H15: 0 | I15: 203 | J15: 0 | K15: 0 | L15: 0 | M15: 0 | N15: 0 | O15: 0 | P15: 0 | Q15: 0 | R15: =SUM(D15:Q15) -> 203 | S15: 2945 | T15: =R15*S15 -> 597835
A16: 5.2.1.3 | B16: Ø250 PP/PE | C16: M | D16: 0 | E16: 24 | F16: 0 | G16: 0 | H16: 0 | I16: 212 | J16: 0 | K16: 0 | L16: 0 | M16: 0 | N16: 0 | O16: 0 | P16: 0 | Q16: 0 | R16: =SUM(D16:Q16) -> 236 | S16: 3007 | T16: =R16*S16 -> 709652
A17: 5.2.1.4 | B17: Ø315 PP/PE | C17: M | D17: 0 | E17: 109 | F17: 0 | G17: 0 | H17: 0 | I17: 191 | J17: 0 | K17: 0 | L17: 0 | M17: 0 | N17: 0 | O17: 0 | P17: 0 | Q17: 0 | R17: =SUM(D17:Q17) -> 300 | S17: 3392 | T17: =R17*S17 -> 1017600
A18: 5.2.1.5 | B18: Ø400 PP/PE | C18: M | D18: 0 | E18: 11 | F18: 0 | G18: 0 | H18: 0 | I18: 2 | J18: 0 | K18: 0 | L18: 0 | M18: 0 | N18: 0 | O18: 0 | P18: 0 | Q18: 0 | R18: =SUM(D18:Q18) -> 13 | S18: 4240 | T18: =R18*S18 -> 55120
A19: 5.2.6 | B19: Tillægspris ved ledningspassager ved køreledningsmaster, bardunpæle og andre objekter | T19: =R19*S19 -> 0
A20: 5.2.6.1 | B20: Kørestrømsmast | C20: STK | D20: 0 | E20: 0 | F20: 0 | G20: 0 | H20: 0 | I20: 148 | J20: 0 | K20: 0 | L20: 0 | M20: 0 | N20: 0 | O20: 0 | P20: 0 | Q20: 0 | R20: =SUM(D20:Q20) -> 148 | S20: 2861 | T20: =R20*S20 -> 423428
A21: 5.2.6.2 | B21: Kørestrømsmast og bardunfundament | C21: STK | D21: 0 | E21: 0 | F21: 0 | G21: 0 | H21: 0 | I21: 29 | J21: 0 | K21: 0 | L21: 0 | M21: 0 | N21: 0 | O21: 0 | P21: 0 | Q21: 0 | R21: =SUM(D21:Q21) -> 29 | S21: 2861 | T21: =R21*S21 -> 82969
A22: 5.3 | B22: Etablering af gennemløbsbrønde | T22: =R22*S22 -> 0
A23: 5.3.1 | B23: Etablering af gennemløbsbrønde dybde ≤ 1 m under råjordsplanum | T23: =R23*S23 -> 0
A24: 5.3.1.2 | B24: Ø425 PP | C24: STK | D24: 0 | E24: 0 | F24: 0 | G24: 0 | H24: 0 | I24: 157 | J24: 0 | K24: 0 | L24: 0 | M24: 0 | N24: 0 | O24: 0 | P24: 0 | Q24: 0 | R24: =SUM(D24:Q24) -> 157 | S24: 3923 | T24: =R24*S24 -> 615911
A25: 5.3.1.3 | B25: Ø600 PP | C25: STK | D25: 0 | E25: 0 | F25: 0 | G25: 0 | H25: 0 | I25: 82 | J25: 0 | K25: 0 | L25: 0 | M25: 0 | N25: 0 | O25: 0 | P25: 0 | Q25: 0 | R25: =SUM(D25:Q25) -> 82 | S25: 6257 | T25: =R25*S25 -> 513074
A26: 5.3.1.a | B26: Ø1000 Bt | C26: STK | D26: 0 | E26: 0 | F26: 0 | G26: 0 | H26: 0 | I26: 1 | J26: 0 | K26: 0 | L26: 0 | M26: 0 | N26: 0 | O26: 0 | P26: 0 | Q26: 0 | R26: =SUM(D26:Q26) -> 1 | S26: 25501 | T26: =R26*S26 -> 25501
A27: 5.4 | B27: Etablering af sandfangsbrønde | T27: =R27*S27 -> 0
A28: 5.4.1 | B28: Etablering af sandfangsbrønde dybde ≤ 1 m under råjordsplanum | T28: =R28*S28 -> 0
A29: 5.4.1.3 | B29: Ø600 PP | C29: STK | D29: 4 | E29: 0 | F29: 0 | G29: 0 | H29: 0 | I29: 5 | J29: 0 | K29: 0 | L29: 0 | M29: 0 | N29: 0 | O29: 0 | P29: 0 | Q29: 0 | R29: =SUM(D29:Q29) -> 9 | S29: 8043 | T29: =R29*S29 -> 72387
A30: 5.4.1.a | B30: Ø800 PP | C30: STK | D30: 1 | E30: 0 | F30: 0 | G30: 0 | H30: 0 | I30: 1 | J30: 0 | K30: 0 | L30: 0 | M30: 0 | N30: 0 | O30: 0 | P30: 0 | Q30: 0 | R30: =SUM(D30:Q30) -> 2 | S30: 19060 | T30: =R30*S30 -> 38120
A31: 5.4.2 | B31: Etablering af sandfangsbrønde 1 m < dybde ≤ 2 m under råjordsplanum | T31: =R31*S31 -> 0
A32: 5.4.2.2 | B32: Ø600 PP | C32: STK | D32: 6 | E32: 0 | F32: 0 | G32: 0 | H32: 0 | I32: 0 | J32: 0 | K32: 0 | L32: 0 | M32: 0 | N32: 0 | O32: 0 | P32: 0 | Q32: 0 | R32: =SUM(D32:Q32) -> 6 | S32: 15312 | T32: =R32*S32 -> 91872
A33: 5.4.2.a | B33: Ø800 PP | C33: STK | D33: 3 | E33: 0 | F33: 0 | G33: 0 | H33: 0 | I33: 1 | J33: 0 | K33: 0 | L33: 0 | M33: 0 | N33: 0 | O33: 0 | P33: 0 | Q33: 0 | R33: =SUM(D33:Q33) -> 4 | S33: 22731 | T33: =R33*S33 -> 90924
A34: 5.6 | B34: Banegrøfter | T34: =R34*S34 -> 0
A35: 5.6.1 | B35: Oprensning af banegrøfter | C35: M | D35: 0 | E35: 190 | F35: 0 | G35: 31 | H35: 0 | I35: 0 | J35: 0 | K35: 0 | L35: 0 | M35: 0 | N35: 0 | O35: 0 | P35: 0 | Q35: 0 | R35: =SUM(D35:Q35) -> 221 | S35: 179 | T35: =R35*S35 -> 39559
A36: 5.6.2 | B36: Etablering af fliseseng lille. | C36: STK | D36: 0 | E36: 5 | F36: 0 | G36: 0 | H36: 0 | I36: 0 | J36: 0 | K36: 0 | L36: 0 | M36: 0 | N36: 0 | O36: 0 | P36: 0 | Q36: 0 | R36: =SUM(D36:Q36) -> 5 | S36: 24162 | T36: =R36*S36 -> 120810
A37: 5.6.3 | B37: Etablering af fliseseng stor | C37: STK | D37: 0 | E37: 11 | F37: 0 | G37: 0 | H37: 0 | I37: 0 | J37: 0 | K37: 0 | L37: 0 | M37: 0 | N37: 0 | O37: 0 | P37: 0 | Q37: 0 | R37: =SUM(D37:Q37) -> 11 | S37: 36374 | T37: =R37*S37 -> 400114
A38: 5.7 | B38: Gravekasse | T38: =R38*S38 -> 0
A39: 5.7.a | B39: Gravekasse ift. eksisterende terræn | C39: M | D39: 0 | E39: 188 | F39: 0 | G39: 27 | H39: 0 | I39: 8929 | J39: 0 | K39: 0 | L39: 0 | M39: 0 | N39: 0 | O39: 0 | P39: 0 | Q39: 0 | R39: =SUM(D39:Q39) -> 9144 | S39: 344 | T39: =R39*S39 -> 3145536
A40: 5.7.b | B40: Gravekasse ift. eksisterende terræn d < 2m | C40: M | D40: 30 | E40: 0 | F40: 0 | G40: 0 | H40: 0 | I40: 250 | J40: 0 | K40: 0 | L40: 0 | M40: 0 | N40: 0 | O40: 0 | P40: 0 | Q40: 0 | R40: =SUM(D40:Q40) -> 280 | S40: 1183 | T40: =R40*S40 -> 331240
A41: 5.8 | B41: Øvrige afvandingsarbejder | T41: =R41*S41 -> 0
A42: 5.8.3 | B42: Nedlægning af eksisterende ledninger og dræn ved betonfyldning | C42: M | D42: 0 | E42: 0 | F42: 0 | G42: 0 | H42: 0 | I42: 394 | J42: 0 | K42: 0 | L42: 0 | M42: 0 | N42: 0 | O42: 0 | P42: 0 | Q42: 0 | R42: =SUM(D42:Q42) -> 394 | S42: 916 | T42: =R42*S42 -> 360904
A43: 5.8.6 | B43: Tilslutning til eksisterende ledning | T43: =R43*S43 -> 0
A44: 5.8.6.1 | B44: Tilslutning til eksisterende betonledning | C44: STK | D44: 0 | E44: 0 | F44: 0 | G44: 0 | H44: 0 | I44: 4 | J44: 0 | K44: 0 | L44: 0 | M44: 0 | N44: 0 | O44: 0 | P44: 0 | Q44: 0 | R44: =SUM(D44:Q44) -> 4 | S44: 19689 | T44: =R44*S44 -> 78756
A45: 5.8.6.2 | B45: Tilslutning til eksisterende plastledning | C45: STK | D45: 0 | E45: 0 | F45: 0 | G45: 0 | H45: 0 | I45: 14 | J45: 0 | K45: 0 | L45: 0 | M45: 0 | N45: 0 | O45: 0 | P45: 0 | Q45: 0 | R45: =SUM(D45:Q45) -> 14 | S45: 8760 | T45: =R45*S45 -> 122640
A46: 5.8.a | B46: Registrering, indmåling og tv-inspektion (DANDAS) | T46: =R46*S46 -> 0
A47: 5.8.a.a | B47: Indmåling og registrering af ledning og ledningstracé | C47: M | D47: 0 | E47: 213 | F47: 0 | G47: 28 | H47: 25 | I47: 9325 | J47: 0 | K47: 0 | L47: 0 | M47: 0 | N47: 0 | O47: 0 | P47: 0 | Q47: 0 | R47: =SUM(D47:Q47) -> 9591 | S47: 10 | T47: =R47*S47 -> 95910
A48: 5.8.a.b | B48: Indmåling og registrering af åbne grøfter, vandløb og bassiner | C48: M | D48: 0 | E48: 190 | F48: 0 | G48: 31 | H48: 0 | I48: 0 | J48: 0 | K48: 0 | L48: 0 | M48: 0 | N48: 0 | O48: 0 | P48: 0 | Q48: 0 | R48: =SUM(D48:Q48) -> 221 | S48: 14 | T48: =R48*S48 -> 3094
A49: 5.8.a.c | B49: Brøndrapporter efter DTVK | C49: STK | D49: 0 | E49: 0 | F49: 0 | G49: 0 | H49: 0 | I49: 263 | J49: 0 | K49: 0 | L49: 0 | M49: 0 | N49: 0 | O49: 0 | P49: 0 | Q49: 0 | R49: =SUM(D49:Q49) -> 263 | S49: 638 | T49: =R49*S49 -> 167794
A50: 5.8.b | B50: TV-inspektion | C50: M | D50: 0 | E50: 0 | F50: 0 | G50: 0 | H50: 0 | I50: 0 | J50: 0 | K50: 0 | L50: 0 | M50: 0 | N50: 0 | O50: 0 | P50: 0 | Q50: 0 | R50: =SUM(D50:Q50) -> 0 | T50: =R50*S50 -> 0
A51: 5.8.b.a | B51: TV-inspektion af nye ledninger | C51: M | D51: 27 | E51: 213 | F51: 0 | G51: 29 | H51: 25 | I51: 8930 | J51: 0 | K51: 0 | L51: 0 | M51: 0 | N51: 0 | O51: 0 | P51: 0 | Q51: 0 | R51: =SUM(D51:Q51) -> 9224 | S51: 268 | T51: =R51*S51 -> 2472032
A52: 5.X | B52: Projektspecifikke arbejder ifm. Afvanding | T52: =R52*S52 -> 0
A53: 5.X.1 | B53: Tværgående ledning (21+002) | C53: SUM | D53: 0 | E53: 0 | F53: 0 | G53: 0 | H53: 0 | I53: 0 | J53: 0 | K53: 0 | L53: 0 | M53: 0 | N53: 0 | O53: 0 | P53: 0 | Q53: 0 | R53: =SUM(D53:Q53) -> 0 | T53: =R53*S53 -> 0
A54: 5.X.1.1 | B54: Spuling og tømning af eksisterende ledninger | C54: SUM | D54: 0 | E54: 0 | F54: 0 | G54: 0 | H54: 0 | I54: 1 | J54: 0 | K54: 0 | L54: 0 | M54: 0 | N54: 0 | O54: 0 | P54: 0 | Q54: 0 | R54: =SUM(D54:Q54) -> 1 | S54: 27322 | T54: =R54*S54 -> 27322
A55: 5.X.1.2 | B55: Opmåling af udløbskote | C55: SUM | D55: 1 | E55: 0 | F55: 0 | G55: 0 | H55: 0 | I55: 0 | J55: 0 | K55: 0 | L55: 0 | M55: 0 | N55: 0 | O55: 0 | P55: 0 | Q55: 0 | R55: =SUM(D55:Q55) -> 1 | S55: 9639 | T55: =R55*S55 -> 9639
A56: 5.X.1.3 | B56: Forlængelse af ledning | C56: M | D56: 0 | E56: 0 | F56: 0 | G56: 0 | H56: 0 | I56: 1 | J56: 0 | K56: 0 | L56: 0 | M56: 0 | N56: 0 | O56: 0 | P56: 0 | Q56: 0 | R56: =SUM(D56:Q56) -> 1 | S56: 5444 | T56: =R56*S56 -> 5444
A57: 5.X.2 | B57: Strømpeforing af stenkiste (22+303) | C57: SUM | D57: 1 | E57: 0 | F57: 0 | G57: 0 | H57: 0 | I57: 0 | J57: 0 | K57: 0 | L57: 0 | M57: 0 | N57: 0 | O57: 0 | P57: 0 | Q57: 0 | R57: =SUM(D57:Q57) -> 1 | S57: 543710 | T57: =R57*S57 -> 543710
A58: 5.X.3 | B58: Tværgående ledning (23+464) | C58: SUM | D58: 0 | E58: 0 | F58: 0 | G58: 0 | H58: 0 | I58: 0 | J58: 0 | K58: 0 | L58: 0 | M58: 0 | N58: 0 | O58: 0 | P58: 0 | Q58: 0 | R58: =SUM(D58:Q58) -> 0 | T58: =R58*S58 -> 0
A59: 5.X.3.1 | B59: Rensning/Spuling samt TV-inspektion | C59: SUM | D59: 1 | E59: 0 | F59: 0 | G59: 0 | H59: 0 | I59: 0 | J59: 0 | K59: 0 | L59: 0 | M59: 0 | N59: 0 | O59: 0 | P59: 0 | Q59: 0 | R59: =SUM(D59:Q59) -> 1 | S59: 27322 | T59: =R59*S59 -> 27322
A60: 5.X.3.2 | B60: Strømpeforing | C60: SUM | D60: 1 | E60: 0 | F60: 0 | G60: 0 | H60: 0 | I60: 0 | J60: 0 | K60: 0 | L60: 0 | M60: 0 | N60: 0 | O60: 0 | P60: 0 | Q60: 0 | R60: =SUM(D60:Q60) -> 1 | S60: 109106 | T60: =R60*S60 -> 109106
A61: 5.X.3.3 | B61: Forlængelse af ledning | C61: SUM | D61: 0 | E61: 0 | F61: 0 | G61: 0 | H61: 0 | I61: 1 | J61: 0 | K61: 0 | L61: 0 | M61: 0 | N61: 0 | O61: 0 | P61: 0 | Q61: 0 | R61: =SUM(D61:Q61) -> 1 | S61: 4586 | T61: =R61*S61 -> 4586
A62: 5.X.4 | B62: Tværgående ledning (23+654) | C62: SUM | T62: =R62*S62 -> 0
A63: 5.X.4.1 | B63: Rensning/Spuling samt TV-inspektion | C63: SUM | D63: 1 | E63: 0 | F63: 0 | G63: 0 | H63: 0 | I63: 0 | J63: 0 | K63: 0 | L63: 0 | M63: 0 | N63: 0 | O63: 0 | P63: 0 | Q63: 0 | R63: =SUM(D63:Q63) -> 1 | S63: 27322 | T63: =R63*S63 -> 27322
A64: 5.X.4.2 | B64: Strømpeforing | C64: SUM | D64: 1 | E64: 0 | F64: 0 | G64: 0 | H64: 0 | I64: 0 | J64: 0 | K64: 0 | L64: 0 | M64: 0 | N64: 0 | O64: 0 | P64: 0 | Q64: 0 | R64: =SUM(D64:Q64) -> 1 | S64: 109835 | T64: =R64*S64 -> 109835
A65: 5.X.5 | B65: Tværgående ledning (23+917) | C65: SUM | T65: =R65*S65 -> 0
A66: 5.X.5.1 | B66: Rensning/Spuling samt TV-inspektion | C66: SUM | D66: 1 | E66: 0 | F66: 0 | G66: 0 | H66: 0 | I66: 0 | J66: 0 | K66: 0 | L66: 0 | M66: 0 | N66: 0 | O66: 0 | P66: 0 | Q66: 0 | R66: =SUM(D66:Q66) -> 1 | S66: 27322 | T66: =R66*S66 -> 27322
A67: 5.X.5.2 | B67: Strømpeforing | C67: SUM | D67: 1 | E67: 0 | F67: 0 | G67: 0 | H67: 0 | I67: 0 | J67: 0 | K67: 0 | L67: 0 | M67: 0 | N67: 0 | O67: 0 | P67: 0 | Q67: 0 | R67: =SUM(D67:Q67) -> 1 | S67: 92531 | T67: =R67*S67 -> 92531
A68: 5.X.5.3 | B68: Forlængelse af ledning | C68: M | D68: 0 | E68: 3 | F68: 0 | G68: 0 | H68: 0 | I68: 0 | J68: 0 | K68: 0 | L68: 0 | M68: 0 | N68: 0 | O68: 0 | P68: 0 | Q68: 0 | R68: =SUM(D68:Q68) -> 3 | S68: 4586 | T68: =R68*S68 -> 13758
A69: 5.X.6 | B69: Tværgående ledning (25+373) | C69: SUM | T69: =R69*S69 -> 0
A70: 5.X.6.1 | B70: Rensning/Spuling | C70: SUM | D70: 1 | E70: 0 | F70: 0 | G70: 0 | H70: 0 | I70: 0 | J70: 0 | K70: 0 | L70: 0 | M70: 0 | N70: 0 | O70: 0 | P70: 0 | Q70: 0 | R70: =SUM(D70:Q70) -> 1 | S70: 27322 | T70: =R70*S70 -> 27322
A71: 5.X.6.2 | B71: Udskiftning af ledningsstykke | C71: M | D71: 0 | E71: 2 | F71: 0 | G71: 0 | H71: 0 | I71: 0 | J71: 0 | K71: 0 | L71: 0 | M71: 0 | N71: 0 | O71: 0 | P71: 0 | Q71: 0 | R71: =SUM(D71:Q71) -> 2 | S71: 5444 | T71: =R71*S71 -> 10888
A72: 5.X.7 | B72: Dræn ved Holbækmotorvejen | C72: M | D72: 0 | E72: 1 | F72: 0 | G72: 1 | H72: 0 | I72: 0 | J72: 0 | K72: 0 | L72: 0 | M72: 0 | N72: 0 | O72: 0 | P72: 0 | Q72: 0 | R72: =SUM(D72:Q72) -> 2 | S72: 5444 | T72: =R72*S72 -> 10888
A73: 5.X.7.1 | B73: Sektionsvis udgravning | C73: M | D73: 0 | E73: 20 | F73: 0 | G73: 20 | H73: 0 | I73: 0 | J73: 0 | K73: 0 | L73: 0 | M73: 0 | N73: 0 | O73: 0 | P73: 0 | Q73: 0 | R73: =SUM(D73:Q73) -> 40 | S73: 858 | T73: =R73*S73 -> 34320
A74: 5.X.8 | B74: Tværgående ledning (28+318) | C74: SUM | T74: =R74*S74 -> 0
A75: 5.X.8.1 | B75: Rensning/Spuling samt TV-inspektion | C75: SUM | D75: 1 | E75: 0 | F75: 0 | G75: 0 | H75: 0 | I75: 0 | J75: 0 | K75: 0 | L75: 0 | M75: 0 | N75: 0 | O75: 0 | P75: 0 | Q75: 0 | R75: =SUM(D75:Q75) -> 1 | S75: 27322 | T75: =R75*S75 -> 27322
A76: 5.X.8.2 | B76: Strømpeforing | C76: SUM | D76: 1 | E76: 0 | F76: 0 | G76: 0 | H76: 0 | I76: 0 | J76: 0 | K76: 0 | L76: 0 | M76: 0 | N76: 0 | O76: 0 | P76: 0 | Q76: 0 | R76: =SUM(D76:Q76) -> 1 | S76: 102185 | T76: =R76*S76 -> 102185
A77: 5.X.9 | B77: Oprensning og etablering af hegn ved stenkiste | C77: SUM | D77: 1 | E77: 0 | F77: 0 | G77: 0 | H77: 0 | I77: 0 | J77: 0 | K77: 0 | L77: 0 | M77: 0 | N77: 0 | O77: 0 | P77: 0 | Q77: 0 | R77: =SUM(D77:Q77) -> 1 | S77: 63808 | T77: =R77*S77 -> 63808
A78: 5.X.10 | B78: Tillæg for røgkammermuld ved Solhøjvej, bro 15216 | C78: SUM | D78: 1 | E78: 0 | F78: 0 | G78: 0 | H78: 0 | I78: 0 | J78: 0 | K78: 0 | L78: 0 | M78: 0 | N78: 0 | O78: 0 | P78: 0 | Q78: 0 | R78: =SUM(D78:Q78) -> 1 | S78: 20703 | T78: =R78*S78 -> 20703
A79: 5.X.11 | B79: Afvandingsarbejder tæt på føringsveje | C79: M | D79: 0 | E79: 0 | F79: 0 | G79: 0 | H79: 0 | I79: 63 | J79: 0 | K79: 0 | L79: 0 | M79: 0 | N79: 0 | O79: 0 | P79: 0 | Q79: 0 | R79: =SUM(D79:Q79) -> 63 | S79: 23 | T79: =R79*S79 -> 1449
B81: Samlet tilbudssum ekskl. moms (i DKK) | T81: =SUM(T2:T79) -> 35853511
B82: Overføres til "Hovedtilbudsliste"

Sheet 6 Kabelomlægning og føringsveje
A1: Fagpost (FP) Hovedpost (HP) Post (P) Underpost (UP) | B1: Kabelomlægning og føringsveje | C1: Enhed | D1: Mængde Forberedende arbejder | E1: Mængde Stadie 1 -1.+ 2. hovedspor Htå -Ro spærret | F1: Mængde Stadie 1a | G1: Mængde Stadie 3 – 3. + 4. hovedspor Htå - Ro spærret | H1: Mængde Stadie 3a | I1: Mængde Stadie 2 – 2. + 3. hovedspor Htå – Ro spærret | J1: Mængde Stadie 2a | K1: Mængde Stadie 4 – 1. og 2. hovedspor Høje Taastrup – Roskilde spærret | L1: Mængde Stadie 5 – 1 + 2 hsp Htå – Ro. Maskinelle arbejder på rammeaftale | M1: Mængde Stadie 6 – Afsluttende manuelle arbejder | N1: Mængde Stadie 7 - 3. og 4. hovedspor Høje Taastrup – Roskilde spærret. Manuelle arbejder | O1: Mængde Stadie 7a - 2. hovedspor Høje Taastrup – Roskilde spærret | P1: Mængde Stadie 8 – 3 + 4 hovedspor Htå – Ro Maskinelle arbejder på rammeaftale | Q1: Mængde Stadie 9 - 3. og 4. hovedspor Høje Taastrup – Roskilde spærret. Afsluttende manuelle arbejder | R1: Mængde i alt | S1: Enhedspris DKK | T1: I alt DKK
A2: 6 | B2: Kabelomlægning og føringsveje | T2: =R2*S2 -> 0
B3: Kabelomlægning | T3: =R3*S3 -> 0
A4: 6.2.2 | B4: Opgravning af eksisterende kabler på fri strækning | C4: M | D4: 0 | E4: 435 | F4: 0 | G4: 20 | H4: 0 | I4: 35 | J4: 0 | K4: 0 | L4: 0 | M4: 0 | N4: 0 | O4: 0 | P4: 0 | Q4: 0 | R4: =SUM(D4:Q4) -> 490 | S4: 256 | T4: =R4*S4 -> 125440
A5: 6.2.4 | B5: Optagning af eksisterende kabler i kabelrender | T5: =R5*S5 -> 0
A6: 6.2.4.1 | B6: Kabelrende med 1-10 kabler | C6: M | D6: 0 | E6: 480 | F6: 0 | G6: 9140 | H6: 0 | I6: 0 | J6: 0 | K6: 0 | L6: 0 | M6: 0 | N6: 0 | O6: 0 | P6: 0 | Q6: 0 | R6: =SUM(D6:Q6) -> 9620 | S6: 118 | T6: =R6*S6 -> 1135160
A7: 6.2.6 | B7: Nedgravning af eksisterende/nye kabler på fri strækning | C7: M | D7: 0 | E7: 0 | F7: 0 | G7: 0 | H7: 0 | I7: 0 | J7: 0 | K7: 0 | L7: 0 | M7: 435 | N7: 0 | O7: 0 | P7: 0 | Q7: 55 | R7: =SUM(D7:Q7) -> 490 | S7: 1484 | T7: =R7*S7 -> 727160
A8: 6.2.8 | B8: Lægning af eksisterende/nye kabler i kabelrender | T8: =R8*S8 -> 0
A9: 6.2.8.1 | B9: Kabelrende med 1-10 kabler | C9: M | D9: 0 | E9: 0 | F9: 0 | G9: 0 | H9: 0 | I9: 0 | J9: 0 | K9: 0 | L9: 0 | M9: 82 | N9: 0 | O9: 0 | P9: 0 | Q9: 1960 | R9: =SUM(D9:Q9) -> 2042 | S9: 106 | T9: =R9*S9 -> 216452
A10: 6.3 | B10: Optagning af føringsveje | T10: =R10*S10 -> 0
A11: 6.3.1 | B11: Optagning af kabelrender | T11: =R11*S11 -> 0
A12: 6.3.1.4 | B12: Betonkabelrender til deponi | C12: M | D12: 0 | E12: 480 | F12: 0 | G12: 9140 | H12: 0 | I12: 0 | J12: 0 | K12: 0 | L12: 0 | M12: 0 | N12: 0 | O12: 0 | P12: 0 | Q12: 0 | R12: =SUM(D12:Q12) -> 9620 | S12: 44 | T12: =R12*S12 -> 423280
A13: 6.4 | B13: Etablering af føringsveje (kabelrender) | T13: =R13*S13 -> 0
A14: 6.4.1 | B14: Levering af nye kabelrender | T14: =R14*S14 -> 0
A15: 6.4.1.6 | B15: Plast 25-43 cm | C15: M | D15: 0 | E15: 0 | F15: 0 | G15: 0 | H15: 0 | I15: 0 | J15: 0 | K15: 0 | L15: 0 | M15: 82 | N15: 0 | O15: 0 | P15: 0 | Q15: 1960 | R15: =SUM(D15:Q15) -> 2042 | S15: 5 | T15: =R15*S15 -> 10210
A16: 6.4.2 | B16: Levering af monteringssystem for kabelrender | C16: M | D16: 0 | E16: 0 | F16: 0 | G16: 0 | H16: 0 | I16: 0 | J16: 0 | K16: 0 | L16: 0 | M16: 0 | N16: 0 | O16: 0 | P16: 0 | Q16: 4 | R16: =SUM(D16:Q16) -> 4 | S16: 559 | T16: =R16*S16 -> 2236
A17: 6.4.3 | B17: Etablering af kabelrender | T17: =R17*S17 -> 0
A18: 6.4.3.6 | B18: Plast 25-43 cm | C18: M | D18: 0 | E18: 0 | F18: 0 | G18: 0 | H18: 0 | I18: 0 | J18: 0 | K18: 0 | L18: 0 | M18: 82 | N18: 0 | O18: 0 | P18: 0 | Q18: 1960 | R18: =SUM(D18:Q18) -> 2042 | S18: 230 | T18: =R18*S18 -> 469660
A19: 6.8 | B19: Øvrige arbejder i forbindelse med kabelomlægning og føringsveje | T19: =R19*S19 -> 0
A20: 6.8.1 | B20: Etablering af klikrør om eksisterende kabler | C20: M | D20: 0 | E20: 0 | F20: 0 | G20: 0 | H20: 0 | I20: 0 | J20: 0 | K20: 0 | L20: 0 | M20: 398 | N20: 0 | O20: 0 | P20: 0 | Q20: 7430 | R20: =SUM(D20:Q20) -> 7828 | S20: 363 | T20: =R20*S20 -> 2841564
B22: Samlet tilbudssum ekskl. moms (i DKK) | T22: =SUM(T2:T20) -> 5951162
B23: Overføres til "Hovedtilbudsliste"

Sheet 8 Perroner
A1: Fagpost (FP) Hovedpost (HP) Post (P) Underpost (UP) | B1: Perroner | C1: Enhed | D1: Mængde Forberedende arbejder | E1: Mængde Stadie 1 -1.+ 2. hovedspor Htå -Ro spærret | F1: Mængde Stadie 1a | G1: Mængde Stadie 3 – 3. + 4. hovedspor Htå - Ro spærret | H1: Mængde Stadie 3a | I1: Mængde Stadie 2 – 2. + 3. hovedspor Htå – Ro spærret | J1: Mængde Stadie 2a | K1: Mængde Stadie 4 – 1. og 2. hovedspor Høje Taastrup – Roskilde spærret | L1: Mængde Stadie 5 – 1 + 2 hsp Htå – Ro. Maskinelle arbejder på rammeaftale | M1: Mængde Stadie 6 – Afsluttende manuelle arbejder | N1: Mængde Stadie 7 - 3. og 4. hovedspor Høje Taastrup – Roskilde spærret. Manuelle arbejder | O1: Mængde Stadie 7a - 2. hovedspor Høje Taastrup – Roskilde spærret | P1: Mængde Stadie 8 – 3 + 4 hovedspor Htå – Ro Maskinelle arbejder på rammeaftale | Q1: Mængde Stadie 9 - 3. og 4. hovedspor Høje Taastrup – Roskilde spærret. Afsluttende manuelle arbejder | R1: Mængde i alt | S1: Enhedspris DKK | T1: I alt DKK
A2: 8 | B2: Perroner | T2: =R2*S2 -> 0
A3: 8.1 | B3: Forberedende arbejder | T3: =R3*S3 -> 0
A4: 8.1.1 | B4: Rydning af perronarealer | C4: SUM | D4: 0 | E4: 1 | F4: 0 | G4: 0 | H4: 0 | I4: 0 | J4: 0 | K4: 0 | L4: 0 | M4: 0 | N4: 0 | O4: 0 | P4: 0 | Q4: 0 | R4: =SUM(D4:Q4) -> 1 | S4: 42225 | T4: =R4*S4 -> 42225
A5: 8.1.3 | B5: Optagning og genudlægning af eksisterende flisebelægning | C5: M2 | D5: 0 | E5: 701 | F5: 0 | G5: 0 | H5: 0 | I5: 0 | J5: 0 | K5: 0 | L5: 0 | M5: 0 | N5: 0 | O5: 0 | P5: 0 | Q5: 0 | R5: =SUM(D5:Q5) -> 701 | S5: 889 | T5: =R5*S5 -> 623189
A6: 8.1.5 | B6: Midlertidigt hegn på eksisterende perronner der ombygges | C6: M | D6: 0 | E6: 258 | F6: 0 | G6: 0 | H6: 0 | I6: 0 | J6: 0 | K6: 0 | L6: 0 | M6: 0 | N6: 0 | O6: 0 | P6: 0 | Q6: 0 | R6: =SUM(D6:Q6) -> 258 | S6: 221 | T6: =R6*S6 -> 57018
A7: 8.1.a | B7: Prøvegravning | C7: STK | D7: 4 | E7: 0 | F7: 0 | G7: 0 | H7: 0 | I7: 0 | J7: 0 | K7: 0 | L7: 0 | M7: 0 | N7: 0 | O7: 0 | P7: 0 | Q7: 0 | R7: =SUM(D7:Q7) -> 4 | S7: 1190 | T7: =R7*S7 -> 4760
A8: 8.2 | B8: Tilpasning af perronforkanter | T8: =R8*S8 -> 0
A9: 8.2.2 | B9: Opretning af perronforkanter | C9: M | D9: 0 | E9: 252 | F9: 0 | G9: 0 | H9: 0 | I9: 0 | J9: 0 | K9: 0 | L9: 0 | M9: 0 | N9: 0 | O9: 0 | P9: 0 | Q9: 0 | R9: =SUM(D9:Q9) -> 252 | S9: 2055 | T9: =R9*S9 -> 517860
A10: 8.X | B10: Projektspecifikke arbejder ifm. Perroner | T10: =R10*S10 -> 0
A11: 8.X.1 | B11: Afstribningslinje | C11: M | D11: 0 | E11: 252 | F11: 0 | G11: 0 | H11: 0 | I11: 0 | J11: 0 | K11: 0 | L11: 0 | M11: 0 | N11: 0 | O11: 0 | P11: 0 | Q11: 0 | R11: =SUM(D11:Q11) -> 252 | S11: 383 | T11: =R11*S11 -> 96516
A12: 8.X.2 | B12: Fremstilling og levering af harlekinoverplader | C12: STK | D12: 0 | E12: 10 | F12: 0 | G12: 0 | H12: 0 | I12: 0 | J12: 0 | K12: 0 | L12: 0 | M12: 0 | N12: 0 | O12: 0 | P12: 0 | Q12: 0 | R12: =SUM(D12:Q12) -> 10 | S12: 8261 | T12: =R12*S12 -> 82610
B14: Samlet tilbudssum ekskl. moms (i DKK) | T14: =SUM(T2:T12) -> 1424178
B15: Overføres til "Hovedtilbudsliste"

Sheet 9 Kørestrøm
A1: Fagpost (FP) Hovedpost (HP) Post (P) Underpost (UP) | B1: Kørestrøm | C1: Enhed | D1: Mængde Forberedende arbejder | E1: Mængde Stadie 1 -1.+ 2. hovedspor Htå -Ro spærret | F1: Mængde Stadie 1a | G1: Mængde Stadie 3 – 3. + 4. hovedspor Htå - Ro spærret | H1: Mængde Stadie 3a | I1: Mængde Stadie 2 – 2. + 3. hovedspor Htå – Ro spærret | J1: Mængde Stadie 2a | K1: Mængde Stadie 4 – 1. og 2. hovedspor Høje Taastrup – Roskilde spærret | L1: Mængde Stadie 5 – 1 + 2 hsp Htå – Ro. Maskinelle arbejder på rammeaftale | M1: Mængde Stadie 6 – Afsluttende manuelle arbejder | N1: Mængde Stadie 7 - 3. og 4. hovedspor Høje Taastrup – Roskilde spærret. Manuelle arbejder | O1: Mængde Stadie 7a - 2. hovedspor Høje Taastrup – Roskilde spærret | P1: Mængde Stadie 8 – 3 + 4 hovedspor Htå – Ro Maskinelle arbejder på rammeaftale | Q1: Mængde Stadie 9 - 3. og 4. hovedspor Høje Taastrup – Roskilde spærret. Afsluttende manuelle arbejder | R1: Mængde i alt | S1: Enhedspris DKK | T1: I alt DKK
A2: 9 | B2: Kørestrøm | T2: =R2*S2 -> 0
A3: 9.1 | B3: Fundering | T3: =R3*S3 -> 0
A4: 9.1.1 | B4: Afsætning af fundament | C4: STK | D4: 8 | E4: 0 | F4: 0 | G4: 0 | H4: 0 | I4: 2 | J4: 0 | K4: 0 | L4: 0 | M4: 0 | N4: 0 | O4: 0 | P4: 0 | Q4: 0 | R4: =SUM(D4:Q4) -> 10 | S4: 405 | T4: =R4*S4 -> 4050
A5: 9.1.2 | B5: Prøvegravning kørestrømsfundament | T5: =R5*S5 -> 0
A6: 9.1.2.2 | B6: Stampet pæl | C6: STK | D6: 8 | E6: 0 | F6: 0 | G6: 0 | H6: 0 | I6: 0 | J6: 0 | K6: 0 | L6: 0 | M6: 0 | N6: 0 | O6: 0 | P6: 0 | Q6: 0 | R6: =SUM(D6:Q6) -> 8 | S6: 5158 | T6: =R6*S6 -> 41264
A7: 9.1.3 | B7: Afhentning af pæle | C7: STK | D7: 8 | E7: 0 | F7: 0 | G7: 0 | H7: 0 | I7: 0 | J7: 0 | K7: 0 | L7: 0 | M7: 0 | N7: 0 | O7: 0 | P7: 0 | Q7: 0 | R7: =SUM(D7:Q7) -> 8 | S7: 2735 | T7: =R7*S7 -> 21880
A8: 9.1.4 | B8: Udlægning og fundering af pæl | T8: =R8*S8 -> 0
A9: 9.1.4.3 | B9: EP-B1 5,5 - 6 m længde | C9: STK | D9: 8 | E9: 0 | F9: 0 | G9: 0 | H9: 0 | I9: 0 | J9: 0 | K9: 0 | L9: 0 | M9: 0 | N9: 0 | O9: 0 | P9: 0 | Q9: 0 | R9: =SUM(D9:Q9) -> 8 | S9: 63732 | T9: =R9*S9 -> 509856
A10: 9.1.4.11 | B10: EP-B14 5,5 - 6 m længde | C10: STK | D10: 0 | E10: 0 | F10: 0 | G10: 0 | H10: 0 | I10: 0 | J10: 0 | K10: 8 | L10: 0 | M10: 0 | N10: 0 | O10: 0 | P10: 0 | Q10: 0 | R10: =SUM(D10:Q10) -> 8 | S10: 57060 | T10: =R10*S10 -> 456480
A11: 9.1.5 | B11: Afstivning/aflastning af eksisterende mast iht. Gravetilladelse | C11: N/A | D11: 0 | E11: 0 | F11: 0 | G11: 0 | H11: 0 | I11: 0 | J11: 0 | K11: 0 | L11: 0 | M11: 0 | N11: 0 | O11: 0 | P11: 0 | Q11: 0 | R11: =SUM(D11:Q11) -> 0 | S11: 0 | T11: =R11*S11 -> 0
A12: 9.1.5.1 | B12: Før-/efter indmålinger af eksisterende mast | C12: STK | D12: 174 | E12: 0 | F12: 0 | G12: 0 | H12: 0 | I12: 0 | J12: 0 | K12: 0 | L12: 0 | M12: 0 | N12: 0 | O12: 0 | P12: 0 | Q12: 0 | R12: =SUM(D12:Q12) -> 174 | S12: 279 | T12: =R12*S12 -> 48546
A13: 9.1.5.2 | B13: Midlertidig aflastning af køreledning - (metode 1) | C13: STK | D13: 0 | E13: 0 | F13: 0 | G13: 0 | H13: 0 | I13: 100 | J13: 0 | K13: 0 | L13: 0 | M13: 0 | N13: 0 | O13: 0 | P13: 0 | Q13: 0 | R13: =SUM(D13:Q13) -> 100 | S13: 6533 | T13: =R13*S13 -> 653300
A14: 9.1.5.3 | B14: Midlertidig afstivning med nødbardun på langs af sporet - (metode 2) | C14: STK | D14: 0 | E14: 0 | F14: 0 | G14: 0 | H14: 0 | I14: 50 | J14: 0 | K14: 0 | L14: 0 | M14: 0 | N14: 0 | O14: 0 | P14: 0 | Q14: 0 | R14: =SUM(D14:Q14) -> 50 | S14: 14482 | T14: =R14*S14 -> 724100
A15: 9.1.5.4 | B15: Midlertidig afstivning mod skinnen på tværs af sporet - (metode 3) | C15: STK | D15: 0 | E15: 0 | F15: 0 | G15: 0 | H15: 0 | I15: 10 | J15: 0 | K15: 0 | L15: 0 | M15: 0 | N15: 0 | O15: 0 | P15: 0 | Q15: 0 | R15: =SUM(D15:Q15) -> 10 | S15: 15663 | T15: =R15*S15 -> 156630
A16: 9.1.6 | B16: Indmåling af udført fundament | C16: STK | D16: 8 | E16: 0 | F16: 0 | G16: 0 | H16: 0 | I16: 0 | J16: 0 | K16: 0 | L16: 0 | M16: 0 | N16: 0 | O16: 0 | P16: 0 | Q16: 0 | R16: =SUM(D16:Q16) -> 8 | S16: 419 | T16: =R16*S16 -> 3352
A17: 9.2 | B17: Stålkonstruktioner | T17: =R17*S17 -> 0
A18: 9.2.4 | B18: Montage af mast | C18: STK | D18: 8 | E18: 0 | F18: 0 | G18: 0 | H18: 0 | I18: 0 | J18: 0 | K18: 0 | L18: 0 | M18: 0 | N18: 0 | O18: 0 | P18: 0 | Q18: 0 | R18: =SUM(D18:Q18) -> 8 | S18: 7069 | T18: =R18*S18 -> 56552
A19: 9.2.5 | B19: Montage af overligger eller bom | C19: STK | D19: 6 | E19: 0 | F19: 0 | G19: 0 | H19: 0 | I19: 0 | J19: 0 | K19: 1 | L19: 0 | M19: 0 | N19: 0 | O19: 0 | P19: 0 | Q19: 0 | R19: =SUM(D19:Q19) -> 7 | S19: 25573 | T19: =R19*S19 -> 179011
A20: 9.2.a | B20: Levering af Ståldele til Rammer | C20: SUM | D20: 1 | E20: 0 | F20: 0 | G20: 0 | H20: 0 | I20: 0 | J20: 0 | K20: 0 | L20: 0 | M20: 0 | N20: 0 | O20: 0 | P20: 0 | Q20: 0 | R20: =SUM(D20:Q20) -> 1 | S20: 694535 | T20: =R20*S20 -> 694535
A21: 9.4 | B21: Master og beslag på eksisterende konstruktioner | T21: =R21*S21 -> 0
A22: 9.4.1 | B22: Levering og montage af beslag på bro | T22: =R22*S22 -> 0
A23: 9.5 | B23: Ophæng | T23: =R23*S23 -> 0
A24: 9.5.1 | B24: Levering og fremstilling af K-ophæng | C24: STK | D24: 0 | E24: 0 | F24: 0 | G24: 7 | H24: 0 | I24: 16 | J24: 0 | K24: 10 | L24: 0 | M24: 0 | N24: 0 | O24: 0 | P24: 0 | Q24: 0 | R24: =SUM(D24:Q24) -> 33 | S24: 3041 | T24: =R24*S24 -> 100353
A25: 9.5.2 | B25: Montage og indregulering af K-ophæng | C25: STK | D25: 0 | E25: 0 | F25: 0 | G25: 7 | H25: 0 | I25: 16 | J25: 0 | K25: 10 | L25: 0 | M25: 0 | N25: 0 | O25: 0 | P25: 0 | Q25: 0 | R25: =SUM(D25:Q25) -> 33 | S25: 6624 | T25: =R25*S25 -> 218592
A26: 9.5.3 | B26: Demontage og bortskaffelse af K-ophæng | T26: =R26*S26 -> 0
A27: 9.5.3.1 | B27: K-ophæng | C27: STK | D27: 0 | E27: 0 | F27: 0 | G27: 23 | H27: 0 | I27: 0 | J27: 0 | K27: 10 | L27: 0 | M27: 0 | N27: 0 | O27: 0 | P27: 0 | Q27: 0 | R27: =SUM(D27:Q27) -> 33 | S27: 3312 | T27: =R27*S27 -> 109296
A28: 9.5.4 | B28: Justering og indregulering af K-ophæng | C28: STK | D28: 0 | E28: 194 | F28: 0 | G28: 194 | H28: 0 | I28: 388 | J28: 0 | K28: 0 | L28: 0 | M28: 0 | N28: 0 | O28: 0 | P28: 0 | Q28: 0 | R28: =SUM(D28:Q28) -> 776 | S28: 3280 | T28: =R28*S28 -> 2545280
A29: 9.6 | B29: Ledningsadskillere | T29: =R29*S29 -> 0
A30: 9.6.1 | B30: Indbygning af ikke bekørbar ledningsadskillelse | C30: STK | D30: 0 | E30: 0 | F30: 0 | G30: 0 | H30: 0 | I30: 0 | J30: 0 | K30: 1 | L30: 0 | M30: 0 | N30: 1 | O30: 0 | P30: 0 | Q30: 0 | R30: =SUM(D30:Q30) -> 2 | S30: 13051 | T30: =R30*S30 -> 26102
A31: 9.6.5 | B31: Udbygning og bortskaffelse af ledningsadskiller, alle typer | C31: STK | D31: 0 | E31: 0 | F31: 0 | G31: 0 | H31: 0 | I31: 0 | J31: 0 | K31: 0 | L31: 0 | M31: 1 | N31: 0 | O31: 0 | P31: 0 | Q31: 1 | R31: =SUM(D31:Q31) -> 2 | S31: 6526 | T31: =R31*S31 -> 13052
A32: 9.8 | B32: Retur- og forstærkningsledninger, samt negativ feeder | T32: =R32*S32 -> 0
A33: 9.8.1 | B33: Overflytning af returleder, forstærkningsleder eller negativ feeder | C33: M | D33: 40 | E33: 0 | F33: 0 | G33: 0 | H33: 0 | I33: 0 | J33: 0 | K33: 0 | L33: 0 | M33: 0 | N33: 0 | O33: 0 | P33: 0 | Q33: 0 | R33: =SUM(D33:Q33) -> 40 | S33: 257 | T33: =R33*S33 -> 10280
A34: 9.8.2 | B34: Montage af returleder | C34: M | D34: 0 | E34: 0 | F34: 0 | G34: 0 | H34: 0 | I34: 0 | J34: 0 | K34: 120 | L34: 0 | M34: 0 | N34: 0 | O34: 0 | P34: 0 | Q34: 0 | R34: =SUM(D34:Q34) -> 120 | S34: 54 | T34: =R34*S34 -> 6480
A35: 9.8.3 | B35: Demontage og bortskaffelse af returleder/forstærkningsleder | C35: M | D35: 0 | E35: 0 | F35: 0 | G35: 0 | H35: 0 | I35: 0 | J35: 0 | K35: 60 | L35: 0 | M35: 0 | N35: 0 | O35: 0 | P35: 0 | Q35: 0 | R35: =SUM(D35:Q35) -> 60 | S35: 28 | T35: =R35*S35 -> 1680
A36: 9.12 | B36: Returstrøm | T36: =R36*S36 -> 0
A37: 9.12.1 | B37: Kabelleverance Alu | T37: =R37*S37 -> 0
A38: 9.12.1.1 | B38: 1x70 mm2 (F) | C38: M | D38: 0 | E38: 0 | F38: 0 | G38: 0 | H38: 0 | I38: 0 | J38: 0 | K38: 50 | L38: 0 | M38: 0 | N38: 0 | O38: 0 | P38: 0 | Q38: 0 | R38: =SUM(D38:Q38) -> 50 | S38: 42 | T38: =R38*S38 -> 2100
A39: 9.13 | B39: Potentialudligning | T39: =R39*S39 -> 0
A40: 9.13.1 | B40: Kabelleverance Alu | T40: =R40*S40 -> 0
A41: 9.13.1.2 | B41: 1x50 mm2 (F) | C41: M | D41: 0 | E41: 0 | F41: 0 | G41: 0 | H41: 0 | I41: 0 | J41: 0 | K41: 900 | L41: 0 | M41: 0 | N41: 0 | O41: 0 | P41: 0 | Q41: 0 | R41: =SUM(D41:Q41) -> 900 | S41: 42 | T41: =R41*S41 -> 37800
A42: 9.13.3 | B42: Udligningsstropper | T42: =R42*S42 -> 0
A43: 9.13.3.1 | B43: Af- og genmontering | C43: STK | D43: 30 | E43: 0 | F43: 0 | G43: 0 | H43: 0 | I43: 0 | J43: 0 | K43: 0 | L43: 0 | M43: 484 | N43: 0 | O43: 0 | P43: 0 | Q43: 500 | R43: =SUM(D43:Q43) -> 1014 | S43: 1899 | T43: =R43*S43 -> 1925586
A44: 9.13.5 | B44: Udligningsleder | T44: =R44*S44 -> 0
A45: 9.13.5.3 | B45: Bro, i trækrør inkl. kabeltrækrør på rørholdere | C45: M | D45: 0 | E45: 0 | F45: 0 | G45: 0 | H45: 0 | I45: 0 | J45: 0 | K45: 116 | L45: 0 | M45: 0 | N45: 0 | O45: 0 | P45: 0 | Q45: 0 | R45: =SUM(D45:Q45) -> 116 | S45: 424 | T45: =R45*S45 -> 49184
A46: 9.14 | B46: Spærringer og hegn | T46: =R46*S46 -> 0
A47: 9.14.1 | B47: Nedtagning og bortskaffelse af eksisterende skærmtage | T47: =R47*S47 -> 0
A48: 9.14.1.a | B48: Nedtagning og bortskaffelse af gamle skærmtag | C48: SUM | D48: 0 | E48: 2 | F48: 0 | G48: 2 | H48: 0 | I48: 1 | J48: 0 | K48: 0 | L48: 0 | M48: 0 | N48: 0 | O48: 0 | P48: 0 | Q48: 0 | R48: =SUM(D48:Q48) -> 5 | S48: 17625 | T48: =R48*S48 -> 88125
A49: 9.14.2 | B49: Levering og montage af nye skærmtage | R49: =SUM(D49:Q49) -> 0 | T49: =R49*S49 -> 0
A50: 9.14.2.1 | B50: Tegning CFRxxx | C50: SUM | D50: 0 | E50: 0 | F50: 0 | G50: 0 | H50: 0 | I50: 5 | J50: 0 | K50: 0 | L50: 0 | M50: 0 | N50: 0 | O50: 0 | P50: 0 | Q50: 0 | R50: =SUM(D50:Q50) -> 5 | S50: 488999 | T50: =R50*S50 -> 2444995
A51: 9.14.3 | B51: Levering og opsætning og nedtagning af midlertidig afskærmning | T51: =R51*S51 -> 0
A52: 9.14.3.a | B52: Midlertidig afskærmning på Fløng Stibro. | C52: SUM | D52: 1 | E52: 0 | F52: 0 | G52: 0 | H52: 0 | I52: 0 | J52: 0 | K52: 0 | L52: 0 | M52: 0 | N52: 0 | O52: 0 | P52: 0 | Q52: 0 | R52: =SUM(D52:Q52) -> 1 | S52: 31668 | T52: =R52*S52 -> 31668
A53: 9.17 | B53: Kontrol og dokumentation | T53: =R53*S53 -> 0
A54: 9.17.1 | B54: Overgang til daglig drift | C54: SUM | D54: 0 | E54: 1 | F54: 0 | G54: 1 | H54: 0 | I54: 1 | J54: 0 | K54: 0 | L54: 0 | M54: 0 | N54: 0 | O54: 0 | P54: 0 | Q54: 0 | R54: =SUM(D54:Q54) -> 3 | S54: 53468 | T54: =R54*S54 -> 160404
A55: 9.17.2 | B55: Ibrugtagning af køreledningsanlæg | C55: STK | D55: 0 | E55: 0 | F55: 0 | G55: 0 | H55: 0 | I55: 0 | J55: 0 | K55: 0 | L55: 0 | M55: 1 | N55: 0 | O55: 0 | P55: 0 | Q55: 1 | R55: =SUM(D55:Q55) -> 2 | S55: 10221 | T55: =R55*S55 -> 20442
A56: 9.17.3 | B56: Kontrol ved slutjustering af spor | C56: SUM | D56: 0 | E56: 0 | F56: 0 | G56: 0 | H56: 0 | I56: 0 | J56: 0 | K56: 0 | L56: 0 | M56: 0 | N56: 0 | O56: 0 | P56: 0 | Q56: 1 | R56: =SUM(D56:Q56) -> 1 | S56: 55031 | T56: =R56*S56 -> 55031
B58: Samlet tilbudssum ekskl. moms (i DKK) | T58: =SUM(T2:T56) -> 11396006
B59: Overføres til "Hovedtilbudsliste"

Sheet 10 Sikring
A1: Fagpost (FP) Hovedpost (HP) Post (P) Underpost (UP) | B1: Sikring | C1: Enhed | D1: Mængde Forberedende arbejder | E1: Mængde Stadie 1 -1.+ 2. hovedspor Htå -Ro spærret | F1: Mængde Stadie 1a | G1: Mængde Stadie 3 – 3. + 4. hovedspor Htå - Ro spærret | H1: Mængde Stadie 3a | I1: Mængde Stadie 2 – 2. + 3. hovedspor Htå – Ro spærret | J1: Mængde Stadie 2a | K1: Mængde Stadie 4 – 1. og 2. hovedspor Høje Taastrup – Roskilde spærret | L1: Mængde Stadie 5 – 1 + 2 hsp Htå – Ro. Maskinelle arbejder på rammeaftale | M1: Mængde Stadie 6 – Afsluttende manuelle arbejder | N1: Mængde Stadie 7 - 3. og 4. hovedspor Høje Taastrup – Roskilde spærret. Manuelle arbejder | O1: Mængde Stadie 7a - 2. hovedspor Høje Taastrup – Roskilde spærret | P1: Mængde Stadie 8 – 3 + 4 hovedspor Htå – Ro Maskinelle arbejder på rammeaftale | Q1: Mængde Stadie 9 - 3. og 4. hovedspor Høje Taastrup – Roskilde spærret. Afsluttende manuelle arbejder | R1: Mængde i alt | S1: Enhedspris DKK | T1: I alt DKK
A2: 10 | B2: Sikring | T2: =R2*S2 -> 0
A3: 10.1 | B3: Kabeldåser og fordelingshuse | T3: =R3*S3 -> 0
A4: 10.1.1 | B4: Demontage af kabeldåse | C4: STK | D4: 0 | E4: 2 | F4: 0 | G4: 0 | H4: 0 | I4: 24 | J4: 0 | K4: 0 | L4: 0 | M4: 0 | N4: 0 | O4: 0 | P4: 0 | Q4: 0 | R4: =SUM(D4:Q4) -> 26 | S4: 5948 | T4: =R4*S4 -> 154648
A5: 10.1.2 | B5: Montering af kabeldåse for sporisolation | C5: STK | D5: 0 | E5: 2 | F5: 0 | G5: 0 | H5: 0 | I5: 24 | J5: 0 | K5: 0 | L5: 0 | M5: 0 | N5: 0 | O5: 0 | P5: 0 | Q5: 0 | R5: =SUM(D5:Q5) -> 26 | S5: 9424 | T5: =R5*S5 -> 245024
A6: 10.1.7 | B6: Afprøvning af sporisolation | C6: STK | D6: 0 | E6: 18 | F6: 0 | G6: 0 | H6: 0 | I6: 26 | J6: 0 | K6: 0 | L6: 0 | M6: 0 | N6: 0 | O6: 0 | P6: 0 | Q6: 0 | R6: =SUM(D6:Q6) -> 44 | S6: 5978 | T6: =R6*S6 -> 263032
A7: 10.4 | B7: ATC/ATP | T7: =R7*S7 -> 0
A8: 10.4.1 | B8: Demontering af ATC-balise | C8: STK | D8: 0 | E8: 2 | F8: 0 | G8: 0 | H8: 0 | I8: 2 | J8: 0 | K8: 0 | L8: 0 | M8: 0 | N8: 0 | O8: 0 | P8: 0 | Q8: 0 | R8: =SUM(D8:Q8) -> 4 | S8: 3021 | T8: =R8*S8 -> 12084
A9: 10.4.2 | B9: Montering af ATC-balise | C9: STK | D9: 0 | E9: 2 | F9: 0 | G9: 0 | H9: 0 | I9: 2 | J9: 0 | K9: 0 | L9: 0 | M9: 0 | N9: 0 | O9: 0 | P9: 0 | Q9: 0 | R9: =SUM(D9:Q9) -> 4 | S9: 2955 | T9: =R9*S9 -> 11820
A10: 10.4.5 | B10: Demontering af sideforlagt linjeleder | C10: M | D10: 0 | E10: 0 | F10: 0 | G10: 0 | H10: 0 | I10: 12000 | J10: 0 | K10: 0 | L10: 0 | M10: 0 | N10: 0 | O10: 0 | P10: 0 | Q10: 0 | R10: =SUM(D10:Q10) -> 12000 | S10: 52 | T10: =R10*S10 -> 624000
A11: 10.4.6 | B11: Montering af sideforlagt linjeleder | C11: M | D11: 0 | E11: 0 | F11: 0 | G11: 0 | H11: 0 | I11: 12000 | J11: 0 | K11: 0 | L11: 0 | M11: 0 | N11: 0 | O11: 0 | P11: 0 | Q11: 0 | R11: =SUM(D11:Q11) -> 12000 | S11: 73 | T11: =R11*S11 -> 876000
A12: 10.4.7 | B12: Afprøvning af ATC balise | C12: STK | D12: 0 | E12: 2 | F12: 0 | G12: 0 | H12: 0 | I12: 2 | J12: 0 | K12: 0 | L12: 0 | M12: 0 | N12: 0 | O12: 0 | P12: 0 | Q12: 0 | R12: =SUM(D12:Q12) -> 4 | S12: 4167 | T12: =R12*S12 -> 16668
A13: 10.4.9 | B13: Afprøvning af sideforlagt linjeleder | C13: STK | D13: 0 | E13: 24 | F13: 0 | G13: 11 | H13: 0 | I13: 17 | J13: 0 | K13: 0 | L13: 0 | M13: 0 | N13: 0 | O13: 0 | P13: 0 | Q13: 0 | R13: =SUM(D13:Q13) -> 52 | S13: 1528 | T13: =R13*S13 -> 79456
A14: 10.8 | B14: Kabler og ledninger | T14: =R14*S14 -> 0
A15: 10.8.7 | B15: Demontering af tværforbinder | C15: STK | D15: 0 | E15: 2 | F15: 0 | G15: 0 | H15: 0 | I15: 1 | J15: 0 | K15: 0 | L15: 0 | M15: 0 | N15: 0 | O15: 0 | P15: 0 | Q15: 0 | R15: =SUM(D15:Q15) -> 3 | S15: 1423 | T15: =R15*S15 -> 4269
A16: 10.8.8 | B16: Montering af tværforbinder | C16: STK | D16: 0 | E16: 2 | F16: 0 | G16: 0 | H16: 0 | I16: 1 | J16: 0 | K16: 0 | L16: 0 | M16: 0 | N16: 0 | O16: 0 | P16: 0 | Q16: 0 | R16: =SUM(D16:Q16) -> 3 | S16: 1897 | T16: =R16*S16 -> 5691
A17: 10.10 | B17: Sikringsarbejder i forbindelse med slutjustering | T17: =R17*S17 -> 0
A18: 10.10.1 | B18: De- og genmontering af skinnetilledninger fra kabeldåse | C18: STK | D18: 0 | E18: 2 | F18: 0 | G18: 0 | H18: 0 | I18: 1 | J18: 0 | K18: 0 | L18: 0 | M18: 0 | N18: 0 | O18: 0 | P18: 0 | Q18: 0 | R18: =SUM(D18:Q18) -> 3 | S18: 5986 | T18: =R18*S18 -> 17958
A19: 10.10.2 | B19: De- og genmontering af ATC/ATP baliser | C19: STK | D19: 0 | E19: 2 | F19: 0 | G19: 0 | H19: 0 | I19: 2 | J19: 0 | K19: 0 | L19: 0 | M19: 0 | N19: 0 | O19: 0 | P19: 0 | Q19: 0 | R19: =SUM(D19:Q19) -> 4 | S19: 5024 | T19: =R19*S19 -> 20096
A20: 10.10.4 | B20: De- og genmontering af tværforbinder | C20: STK | D20: 0 | E20: 2 | F20: 0 | G20: 0 | H20: 0 | I20: 1 | J20: 0 | K20: 0 | L20: 0 | M20: 0 | N20: 0 | O20: 0 | P20: 0 | Q20: 0 | R20: =SUM(D20:Q20) -> 3 | S20: 1840 | T20: =R20*S20 -> 5520
A21: 10.X | B21: Projektspecifikke arbejder ifm. Sikring | T21: =R21*S21 -> 0
A22: 10.X.1 | B22: Klipning og demontering af sideforlagt linjeleder | C22: STK | D22: 0 | E22: 24 | F22: 0 | G22: 11 | H22: 0 | I22: 10 | J22: 0 | K22: 0 | L22: 0 | M22: 0 | N22: 0 | O22: 0 | P22: 0 | Q22: 0 | R22: =SUM(D22:Q22) -> 45 | S22: 6080 | T22: =R22*S22 -> 273600
A23: 10.X.2 | B23: Splidsning og montering af sideforlagt linjeleder | C23: STK | D23: 0 | E23: 24 | F23: 0 | G23: 11 | H23: 0 | I23: 10 | J23: 0 | K23: 0 | L23: 0 | M23: 0 | N23: 0 | O23: 0 | P23: 0 | Q23: 0 | R23: =SUM(D23:Q23) -> 45 | S23: 10306 | T23: =R23*S23 -> 463770
A24: 10.X.3 | B24: Slutjustering | C24: STK | T24: =R24*S24 -> 0
A25: 10.X.3.1 | B25: Slutjustering - Klipning af sideforlagt linjeleder | C25: STK | D25: 0 | E25: 24 | F25: 0 | G25: 11 | H25: 0 | I25: 10 | J25: 0 | K25: 0 | L25: 0 | M25: 0 | N25: 0 | O25: 0 | P25: 0 | Q25: 0 | R25: =SUM(D25:Q25) -> 45 | S25: 6251 | T25: =R25*S25 -> 281295
A26: 10.X.3.2 | B26: Slutjustering - Splidsning af sideforlagt linjeleder | C26: STK | D26: 0 | E26: 24 | F26: 0 | G26: 11 | H26: 0 | I26: 10 | J26: 0 | K26: 0 | L26: 0 | M26: 0 | N26: 0 | O26: 0 | P26: 0 | Q26: 0 | R26: =SUM(D26:Q26) -> 45 | S26: 10613 | T26: =R26*S26 -> 477585
A27: 10.X.4 | B27: Fejlretning efter ibrugtagning | C27: STK | D27: 0 | E27: 1 | F27: 0 | G27: 1 | H27: 0 | I27: 1 | J27: 0 | K27: 0 | L27: 0 | M27: 0 | N27: 0 | O27: 0 | P27: 0 | Q27: 0 | R27: =SUM(D27:Q27) -> 3 | S27: 27237 | T27: =R27*S27 -> 81711
A28: 10.X.5 | B28: Fejlretning under udførelse | C28: T | T28: =R28*S28 -> 0
A29: 10.X.5.1 | B29: Rådighedsvagt | C29: T | D29: 0 | E29: 248 | F29: 0 | G29: 336 | H29: 0 | I29: 1160 | J29: 0 | K29: 0 | L29: 0 | M29: 0 | N29: 0 | O29: 0 | P29: 0 | Q29: 0 | R29: =SUM(D29:Q29) -> 1744 | S29: 1477 | T29: =R29*S29 -> 2575888
A30: 10.X.5.2 | B30: Fejlretning | C30: T | D30: 0 | E30: 20 | F30: 0 | G30: 20 | H30: 0 | I30: 60 | J30: 0 | K30: 0 | L30: 0 | M30: 0 | N30: 0 | O30: 0 | P30: 0 | Q30: 0 | R30: =SUM(D30:Q30) -> 100 | S30: 2068 | T30: =R30*S30 -> 206800
A31: 10.X.6 | B31: Klipning og demontering af sideforlagt linjeleder | C31: STK | T31: =R31*S31 -> 0
B33: Samlet tilbudssum ekskl. moms (i DKK) | T33: =SUM(T2:T31) -> 6696915
B34: Overføres til "Hovedtilbudsliste"

Sheet 12 Broer og konstruktioner
A1: Fagpost (FP) Hovedpost (HP) Post (P) Underpost (UP) | B1: Broer og konstruktioner | C1: Enhed | D1: Mængde Forberedende arbejder | E1: Mængde Stadie 1 -1.+ 2. hovedspor Htå -Ro spærret | F1: Mængde Stadie 1a | G1: Mængde Stadie 3 – 3. + 4. hovedspor Htå - Ro spærret | H1: Mængde Stadie 3a | I1: Mængde Stadie 2 – 2. + 3. hovedspor Htå – Ro spærret | J1: Mængde Stadie 2a | K1: Mængde Stadie 4 – 1. og 2. hovedspor Høje Taastrup – Roskilde spærret | L1: Mængde Stadie 5 – 1 + 2 hsp Htå – Ro. Maskinelle arbejder på rammeaftale | M1: Mængde Stadie 6 – Afsluttende manuelle arbejder | N1: Mængde Stadie 7 - 3. og 4. hovedspor Høje Taastrup – Roskilde spærret. Manuelle arbejder | O1: Mængde Stadie 7a - 2. hovedspor Høje Taastrup – Roskilde spærret | P1: Mængde Stadie 8 – 3 + 4 hovedspor Htå – Ro Maskinelle arbejder på rammeaftale | Q1: Mængde Stadie 9 - 3. og 4. hovedspor Høje Taastrup – Roskilde spærret. Afsluttende manuelle arbejder | R1: Mængde i alt | S1: Enhedspris DKK | T1: I alt DKK
A2: 12 | B2: Broer og konstruktioner | T2: =R2*S2 -> 0
A3: 12.1 | B3: Forberedende arbejder | T3: =R3*S3 -> 0
A4: 12.1.1 | B4: Rydning | C4: SUM | D4: 0 | E4: 1 | F4: 0 | G4: 1 | H4: 0 | I4: 0 | J4: 0 | K4: 0 | L4: 0 | M4: 0 | N4: 0 | O4: 0 | P4: 0 | Q4: 0 | R4: =SUM(D4:Q4) -> 2 | S4: 33461 | T4: =R4*S4 -> 66922
A5: 12.2 | B5: Betonelementer | T5: =R5*S5 -> 0
A6: 12.2.3 | B6: Fremstilling, transport og montering af kantbjælkeelementer inklusiv sammenstøbning og fastgørelse | C6: M | D6: 0 | E6: 30 | F6: 0 | G6: 43 | H6: 0 | I6: 0 | J6: 0 | K6: 0 | L6: 0 | M6: 0 | N6: 0 | O6: 0 | P6: 0 | Q6: 0 | R6: =SUM(D6:Q6) -> 73 | S6: 9899 | T6: =R6*S6 -> 722627
A7: 12.10 | B7: Autoværn og tilhørende udstyr | T7: =R7*S7 -> 0
A8: 12.10.1 | B8: Nedtagning og bortskaffelse af rækværk | T8: =R8*S8 -> 0
A9: 12.10.1.1 | B9: Nedtagning og bortskaffelse af eksisterende rækværk | C9: M | D9: 0 | E9: 61 | F9: 0 | G9: 22 | H9: 0 | I9: 0 | J9: 0 | K9: 0 | L9: 0 | M9: 0 | N9: 0 | O9: 0 | P9: 0 | Q9: 0 | R9: =SUM(D9:Q9) -> 83 | S9: 1789 | T9: =R9*S9 -> 148487
A10: 12.10.1.2 | B10: Levering, montering og demontage af midlertidigt rækværk | C10: M | D10: 0 | E10: 61 | F10: 0 | G10: 10 | H10: 0 | I10: 0 | J10: 0 | K10: 0 | L10: 0 | M10: 0 | N10: 0 | O10: 0 | P10: 0 | Q10: 0 | R10: =SUM(D10:Q10) -> 71 | S10: 1697 | T10: =R10*S10 -> 120487
A11: 12.10.1.3 | B11: Behugning og reparation af beton, inklusiv skæring og overfladebehandling af eksisterende rækværk. | C11: M | D11: 0 | E11: 61 | F11: 0 | G11: 22 | H11: 0 | I11: 0 | J11: 0 | K11: 0 | L11: 0 | M11: 0 | N11: 0 | O11: 0 | P11: 0 | Q11: 0 | R11: =SUM(D11:Q11) -> 83 | S11: 376 | T11: =R11*S11 -> 31208
A12: 12.10.3 | B12: Rækværk | C12: M | D12: 0 | E12: 0 | F12: 0 | G12: 0 | H12: 0 | I12: 0 | J12: 0 | K12: 0 | L12: 0 | M12: 0 | N12: 0 | O12: 0 | P12: 0 | Q12: 0 | R12: =SUM(D12:Q12) -> 0 | T12: =R12*S12 -> 0
A13: 12.10.3.1 | B13: Levering og montering af rækværk på overside konstruktion | C13: M | D13: 0 | E13: 28 | F13: 0 | G13: 0 | H13: 0 | I13: 0 | J13: 0 | K13: 0 | L13: 0 | M13: 0 | N13: 0 | O13: 0 | P13: 0 | Q13: 0 | R13: =SUM(D13:Q13) -> 28 | S13: 5045 | T13: =R13*S13 -> 141260
A14: 12.10.3.2 | B14: Levering og montering af rækværk på yderside konstruktion | C14: M | D14: 0 | E14: 30 | F14: 0 | G14: 10 | H14: 0 | I14: 0 | J14: 0 | K14: 0 | L14: 0 | M14: 0 | N14: 0 | O14: 0 | P14: 0 | Q14: 0 | R14: =SUM(D14:Q14) -> 40 | S14: 5222 | T14: =R14*S14 -> 208880
A15: 12.10.3.3 | B15: Levering og montering af gangbro med rækværk | C15: M | D15: 0 | E15: 3 | F15: 0 | G15: 4 | H15: 0 | I15: 0 | J15: 0 | K15: 0 | L15: 0 | M15: 0 | N15: 0 | O15: 0 | P15: 0 | Q15: 0 | R15: =SUM(D15:Q15) -> 7 | S15: 43403 | T15: =R15*S15 -> 303821
A16: 12.10.3.4 | B16: Levering og montering af rørrækværk på skråninger, inklusiv fundamenter. | C16: M | D16: 0 | E16: 13 | F16: 0 | G16: 0 | H16: 0 | I16: 0 | J16: 0 | K16: 0 | L16: 0 | M16: 0 | N16: 0 | O16: 0 | P16: 0 | Q16: 0 | R16: =SUM(D16:Q16) -> 13 | S16: 7180 | T16: =R16*S16 -> 93340
A17: 12.10.3.5 | B17: Levering og montering af ballastskærm på rækværk. | C17: M | D17: 0 | E17: 21 | F17: 0 | G17: 0 | H17: 0 | I17: 0 | J17: 0 | K17: 0 | L17: 0 | M17: 0 | N17: 0 | O17: 0 | P17: 0 | Q17: 0 | R17: =SUM(D17:Q17) -> 21 | S17: 2026 | T17: =R17*S17 -> 42546
A18: 12.10.a | B18: Kabelstiger | C18: M | D18: 0 | E18: 0 | F18: 0 | G18: 50 | H18: 0 | I18: 0 | J18: 0 | K18: 0 | L18: 0 | M18: 0 | N18: 0 | O18: 0 | P18: 0 | Q18: 0 | R18: =SUM(D18:Q18) -> 50 | S18: 2647 | T18: =R18*S18 -> 132350
A19: 12.10.b | B19: Ballastfang | C19: STK | D19: 0 | E19: 6 | F19: 0 | G19: 9 | H19: 0 | I19: 0 | J19: 0 | K19: 0 | L19: 0 | M19: 0 | N19: 0 | O19: 0 | P19: 0 | Q19: 0 | R19: =SUM(D19:Q19) -> 15 | S19: 5463 | T19: =R19*S19 -> 81945
A20: 12.11 | B20: Fundering | T20: =R20*S20 -> 0
A21: 12.11.1 | B21: Anstilling for nedbringning af pæle | C21: SUM | D21: 0 | E21: 1 | F21: 0 | G21: 1 | H21: 0 | I21: 0 | J21: 0 | K21: 0 | L21: 0 | M21: 0 | N21: 0 | O21: 0 | P21: 0 | Q21: 0 | R21: =SUM(D21:Q21) -> 2 | S21: 21255 | T21: =R21*S21 -> 42510
A22: 12.X | B22: Projektspecifikke arbejder ifm. Broer og konstruktioner | T22: =R22*S22 -> 0
A23: 12.X.1 | B23: Ballastplade | C23: M | D23: 0 | E23: 16 | F23: 0 | G23: 0 | H23: 0 | I23: 0 | J23: 0 | K23: 0 | L23: 0 | M23: 0 | N23: 0 | O23: 0 | P23: 0 | Q23: 0 | R23: =SUM(D23:Q23) -> 16 | S23: 3456 | T23: =R23*S23 -> 55296
A24: 12.X.2 | B24: Skruefundamenter | C24: STK | D24: 0 | E24: 8 | F24: 0 | G24: 16 | H24: 0 | I24: 0 | J24: 0 | K24: 0 | L24: 0 | M24: 0 | N24: 0 | O24: 0 | P24: 0 | Q24: 0 | R24: =SUM(D24:Q24) -> 24 | S24: 7398 | T24: =R24*S24 -> 177552
B26: Samlet tilbudssum ekskl. moms (i DKK) | T26: =SUM(T2:T24) -> 2369231
B27: Overføres til "Hovedtilbudsliste"

Sheet 14 Håndtering og bortskaffelse
A1: Fagpost (FP) Hovedpost (HP) Post (P) Underpost (UP) | B1: Håndtering og bortskaffelse | C1: Enhed | D1: Mængde Forberedende arbejder | E1: Mængde Stadie 1 -1.+ 2. hovedspor Htå -Ro spærret | F1: Mængde Stadie 1a | G1: Mængde Stadie 3 – 3. + 4. hovedspor Htå - Ro spærret | H1: Mængde Stadie 3a | I1: Mængde Stadie 2 – 2. + 3. hovedspor Htå – Ro spærret | J1: Mængde Stadie 2a | K1: Mængde Stadie 4 – 1. og 2. hovedspor Høje Taastrup – Roskilde spærret | L1: Mængde Stadie 5 – 1 + 2 hsp Htå – Ro. Maskinelle arbejder på rammeaftale | M1: Mængde Stadie 6 – Afsluttende manuelle arbejder | N1: Mængde Stadie 7 - 3. og 4. hovedspor Høje Taastrup – Roskilde spærret. Manuelle arbejder | O1: Mængde Stadie 7a - 2. hovedspor Høje Taastrup – Roskilde spærret | P1: Mængde Stadie 8 – 3 + 4 hovedspor Htå – Ro Maskinelle arbejder på rammeaftale | Q1: Mængde Stadie 9 - 3. og 4. hovedspor Høje Taastrup – Roskilde spærret. Afsluttende manuelle arbejder | R1: Mængde i alt | S1: Enhedspris DKK | T1: I alt DKK
A2: 14 | B2: Håndtering og bortskaffelse | T2: =R2*S2 -> 0
A3: 14.1 | B3: Håndtering og bortskaffelse af Restprodukter | T3: =R3*S3 -> 0
A4: 14.1.1 | B4: Bortskaffelse af Restprodukter omfattende skærver, bagharp, jord- og grusmaterialer (Sjælland uden kartering på Banedanmarks udpegede arbejdspladser) | T4: =R4*S4 -> 0
A5: 14.1.1.1 | B5: Skærver | C5: M3 | D5: 5 | E5: 42 | F5: 0 | G5: 0 | H5: 0 | I5: 1562 | J5: 0 | K5: 0 | L5: 0 | M5: 0 | N5: 0 | O5: 0 | P5: 0 | Q5: 0 | R5: =SUM(D5:Q5) -> 1609 | S5: 80 | T5: =R5*S5 -> 128720
A6: 14.1.1.a | B6: Bagharp kl. 0/1 | C6: M3 | D6: 4 | E6: 29 | F6: 0 | G6: 0 | H6: 0 | I6: 1093 | J6: 0 | K6: 0 | L6: 0 | M6: 0 | N6: 0 | O6: 0 | P6: 0 | Q6: 0 | R6: =SUM(D6:Q6) -> 1126 | S6: 615 | T6: =R6*S6 -> 692490
A7: 14.1.1.b | B7: Bagharp kl. 2/3 | C7: M3 | D7: 1 | E7: 13 | F7: 0 | G7: 0 | H7: 0 | I7: 469 | J7: 0 | K7: 0 | L7: 0 | M7: 0 | N7: 0 | O7: 0 | P7: 0 | Q7: 0 | R7: =SUM(D7:Q7) -> 483 | S7: 753 | T7: =R7*S7 -> 363699
A8: 14.1.1.c | B8: Jord kl. 0/1 | C8: M3 | D8: 30 | E8: 237 | F8: 0 | G8: 0 | H8: 0 | I8: 9332 | J8: 0 | K8: 0 | L8: 0 | M8: 0 | N8: 0 | O8: 0 | P8: 0 | Q8: 0 | R8: =SUM(D8:Q8) -> 9599 | S8: 615 | T8: =R8*S8 -> 5903385
A9: 14.1.1.d | B9: Jord kl. 2/3 | C9: M3 | D9: 13 | E9: 102 | F9: 0 | G9: 0 | H9: 0 | I9: 3485 | J9: 0 | K9: 0 | L9: 0 | M9: 0 | N9: 0 | O9: 0 | P9: 0 | Q9: 0 | R9: =SUM(D9:Q9) -> 3600 | S9: 753 | T9: =R9*S9 -> 2710800
A10: 14.1.1.e | B10: Grusmaterialer (underballast) kl. 0/1 | C10: M3 | D10: 0 | E10: 37 | F10: 0 | G10: 0 | H10: 0 | I10: 10 | J10: 0 | K10: 0 | L10: 0 | M10: 0 | N10: 0 | O10: 0 | P10: 0 | Q10: 0 | R10: =SUM(D10:Q10) -> 47 | S10: 615 | T10: =R10*S10 -> 28905
A11: 14.1.1.f | B11: Grusmaterialer (underballast) kl. 2/3 | C11: M3 | D11: 0 | E11: 16 | F11: 0 | G11: 0 | H11: 0 | I11: 4 | J11: 0 | K11: 0 | L11: 0 | M11: 0 | N11: 0 | O11: 0 | P11: 0 | Q11: 0 | R11: =SUM(D11:Q11) -> 20 | S11: 753 | T11: =R11*S11 -> 15060
A12: 14.1.5 | B12: Bortskaffelse af restprodukter omfattende betonaffald | C12: TON | D12: 0 | E12: 1 | F12: 0 | G12: 0 | H12: 0 | I12: 1 | J12: 0 | K12: 0 | L12: 0 | M12: 0 | N12: 0 | O12: 0 | P12: 0 | Q12: 0 | R12: =SUM(D12:Q12) -> 2 | S12: 49 | T12: =R12*S12 -> 98
A13: 14.1.a | B13: Bortskaffelse af plastik | C13: TON | D13: 0 | E13: 1 | F13: 0 | G13: 1 | H13: 0 | I13: 40 | J13: 0 | K13: 2 | L13: 0 | M13: 0 | N13: 2 | O13: 0 | P13: 0 | Q13: 0 | R13: =SUM(D13:Q13) -> 46 | S13: 2760 | T13: =R13*S13 -> 126960
A14: 14.1.b | B14: Bortskaffelse af røgkammermuld | C14: M3 | D14: 0 | E14: 3 | F14: 0 | G14: 0 | H14: 0 | I14: 0 | J14: 0 | K14: 0 | L14: 0 | M14: 0 | N14: 0 | O14: 0 | P14: 0 | Q14: 0 | R14: =SUM(D14:Q14) -> 3 | S14: 539 | T14: =R14*S14 -> 1617
A15: 14.1.c | B15: Bortskaffelse af rækværk | C15: M | D15: 0 | E15: 61 | F15: 0 | G15: 22 | H15: 0 | I15: 0 | J15: 0 | K15: 0 | L15: 0 | M15: 0 | N15: 0 | O15: 0 | P15: 0 | Q15: 0 | R15: =SUM(D15:Q15) -> 83 | S15: 28 | T15: =R15*S15 -> 2324
A16: 14.1.d | B16: Bortskaffelse af SF-sten | C16: TON | D16: 0 | E16: 4 | F16: 0 | G16: 0 | H16: 0 | I16: 0 | J16: 0 | K16: 0 | L16: 0 | M16: 0 | N16: 0 | O16: 0 | P16: 0 | Q16: 0 | R16: =SUM(D16:Q16) -> 4 | S16: 49 | T16: =R16*S16 -> 196
A17: 14.1.e | B17: Bortskaffelse af skinnestolper | C17: TON | D17: 0 | E17: 1 | F17: 0 | G17: 0 | H17: 0 | I17: 0 | J17: 0 | K17: 0 | L17: 0 | M17: 0 | N17: 0 | O17: 0 | P17: 0 | Q17: 0 | R17: =SUM(D17:Q17) -> 1 | S17: 49 | T17: =R17*S17 -> 49
B19: Samlet tilbudssum ekskl. moms (i DKK) | T19: =SUM(T2:T17) -> 9974303
B20: Overføres til "Hovedtilbudsliste"

Sheet 15 Administration og arbejdspla
A1: Fagpost (FP) Hovedpost (HP) Post (P) Underpost (UP) | B1: Administration og arbejdsplads | C1: Enhed | D1: Mængde Forberedende arbejder | E1: Mængde Stadie 1 -1.+ 2. hovedspor Htå -Ro spærret | F1: Mængde Stadie 1a | G1: Mængde Stadie 3 – 3. + 4. hovedspor Htå - Ro spærret | H1: Mængde Stadie 3a | I1: Mængde Stadie 2 – 2. + 3. hovedspor Htå – Ro spærret | J1: Mængde Stadie 2a | K1: Mængde Stadie 4 – 1. og 2. hovedspor Høje Taastrup – Roskilde spærret | L1: Mængde Stadie 5 – 1 + 2 hsp Htå – Ro. Maskinelle arbejder på rammeaftale | M1: Mængde Stadie 6 – Afsluttende manuelle arbejder | N1: Mængde Stadie 7 - 3. og 4. hovedspor Høje Taastrup – Roskilde spærret. Manuelle arbejder | O1: Mængde Stadie 7a - 2. hovedspor Høje Taastrup – Roskilde spærret | P1: Mængde Stadie 8 – 3 + 4 hovedspor Htå – Ro Maskinelle arbejder på rammeaftale | Q1: Mængde Stadie 9 - 3. og 4. hovedspor Høje Taastrup – Roskilde spærret. Afsluttende manuelle arbejder | R1: Mængde i alt | S1: Enhedspris DKK | T1: I alt DKK
A2: 15 | B2: Administration og arbejdsplads | T2: =R2*S2 -> 0
A3: 15.1 | B3: Mobiliseringsperioden | T3: =R3*S3 -> 0
A4: 15.1.1 | B4: Administration i mobiliseringsperioden | C4: SUM | D4: 1 | E4: 0 | F4: 0 | G4: 0 | H4: 0 | I4: 0 | J4: 0 | K4: 0 | L4: 0 | M4: 0 | N4: 0 | O4: 0 | P4: 0 | Q4: 0 | R4: =SUM(D4:Q4) -> 1 | S4: 3983069 | T4: =R4*S4 -> 3983069
A5: 15.1.2 | B5: Kontrol af fikspunkter | C5: SUM | D5: 1 | E5: 0 | F5: 0 | G5: 0 | H5: 0 | I5: 0 | J5: 0 | K5: 0 | L5: 0 | M5: 0 | N5: 0 | O5: 0 | P5: 0 | Q5: 0 | R5: =SUM(D5:Q5) -> 1 | S5: 60794 | T5: =R5*S5 -> 60794
A6: 15.2 | B6: Arbejdsområder og arbejdspladser | T6: =R6*S6 -> 0
A7: 15.2.1 | B7: Arbejdspladser og adgangsveje | C7: SUM | D7: 0 | E7: 0 | F7: 0 | G7: 0 | H7: 0 | I7: 0 | J7: 0 | K7: 0 | L7: 0 | M7: 0 | N7: 0 | O7: 0 | P7: 0 | Q7: 0 | R7: =SUM(D7:Q7) -> 0 | T7: =R7*S7 -> 0
A8: 15.2.1.1 | B8: Grus til sikring af kørefasthed | C8: M3 | D8: 22250 | E8: 0 | F8: 0 | G8: 0 | H8: 0 | I8: 0 | J8: 0 | K8: 0 | L8: 0 | M8: 0 | N8: 0 | O8: 0 | P8: 0 | Q8: 0 | R8: =SUM(D8:Q8) -> 22250 | S8: 626 | T8: =R8*S8 -> 13928500
A9: 15.2.1.2 | B9: Jernplader til sikring af kørefasthed | C9: M2 | D9: 5500 | E9: 0 | F9: 0 | G9: 0 | H9: 0 | I9: 0 | J9: 0 | K9: 0 | L9: 0 | M9: 0 | N9: 0 | O9: 0 | P9: 0 | Q9: 0 | R9: =SUM(D9:Q9) -> 5500 | S9: 152 | T9: =R9*S9 -> 836000
A10: 15.2.1.a | B10: Depot 1 | C10: SUM | D10: 1 | E10: 0 | F10: 0 | G10: 0 | H10: 0 | I10: 0 | J10: 0 | K10: 0 | L10: 0 | M10: 0 | N10: 0 | O10: 0 | P10: 0 | Q10: 0 | R10: =SUM(D10:Q10) -> 1 | S10: 888505 | T10: =R10*S10 -> 888505
A11: 15.2.1.b | B11: Depot 2 | C11: SUM | D11: 1 | E11: 0 | F11: 0 | G11: 0 | H11: 0 | I11: 0 | J11: 0 | K11: 0 | L11: 0 | M11: 0 | N11: 0 | O11: 0 | P11: 0 | Q11: 0 | R11: =SUM(D11:Q11) -> 1 | S11: 390363 | T11: =R11*S11 -> 390363
A12: 15.2.1.c | B12: Depot 3 | C12: SUM | D12: 1 | E12: 0 | F12: 0 | G12: 0 | H12: 0 | I12: 0 | J12: 0 | K12: 0 | L12: 0 | M12: 0 | N12: 0 | O12: 0 | P12: 0 | Q12: 0 | R12: =SUM(D12:Q12) -> 1 | S12: 987493 | T12: =R12*S12 -> 987493
A13: 15.2.1.d | B13: Depot 4 | C13: SUM | D13: 1 | E13: 0 | F13: 0 | G13: 0 | H13: 0 | I13: 0 | J13: 0 | K13: 0 | L13: 0 | M13: 0 | N13: 0 | O13: 0 | P13: 0 | Q13: 0 | R13: =SUM(D13:Q13) -> 1 | S13: 934568 | T13: =R13*S13 -> 934568
A14: 15.2.1.e | B14: Arbejdsareal 4a | C14: SUM | D14: 1 | E14: 0 | F14: 0 | G14: 0 | H14: 0 | I14: 0 | J14: 0 | K14: 0 | L14: 0 | M14: 0 | N14: 0 | O14: 0 | P14: 0 | Q14: 0 | R14: =SUM(D14:Q14) -> 1 | S14: 54803 | T14: =R14*S14 -> 54803
A15: 15.2.1.f | B15: Arbejdsareal 4b | C15: SUM | D15: 1 | E15: 0 | F15: 0 | G15: 0 | H15: 0 | I15: 0 | J15: 0 | K15: 0 | L15: 0 | M15: 0 | N15: 0 | O15: 0 | P15: 0 | Q15: 0 | R15: =SUM(D15:Q15) -> 1 | S15: 53217 | T15: =R15*S15 -> 53217
A16: 15.2.1.g | B16: Depot 5 | C16: SUM | D16: 1 | E16: 0 | F16: 0 | G16: 0 | H16: 0 | I16: 0 | J16: 0 | K16: 0 | L16: 0 | M16: 0 | N16: 0 | O16: 0 | P16: 0 | Q16: 0 | R16: =SUM(D16:Q16) -> 1 | S16: 651267 | T16: =R16*S16 -> 651267
A17: 15.2.1.h | B17: Arbejdsareal 5a | C17: SUM | D17: 1 | E17: 0 | F17: 0 | G17: 0 | H17: 0 | I17: 0 | J17: 0 | K17: 0 | L17: 0 | M17: 0 | N17: 0 | O17: 0 | P17: 0 | Q17: 0 | R17: =SUM(D17:Q17) -> 1 | S17: 54803 | T17: =R17*S17 -> 54803
A18: 15.2.1.i | B18: Arbejdsareal 5b | C18: SUM | D18: 1 | E18: 0 | F18: 0 | G18: 0 | H18: 0 | I18: 0 | J18: 0 | K18: 0 | L18: 0 | M18: 0 | N18: 0 | O18: 0 | P18: 0 | Q18: 0 | R18: =SUM(D18:Q18) -> 1 | S18: 54803 | T18: =R18*S18 -> 54803
A19: 15.2.1.j | B19: Depot 6 | C19: SUM | D19: 1 | E19: 0 | F19: 0 | G19: 0 | H19: 0 | I19: 0 | J19: 0 | K19: 0 | L19: 0 | M19: 0 | N19: 0 | O19: 0 | P19: 0 | Q19: 0 | R19: =SUM(D19:Q19) -> 1 | S19: 486936 | T19: =R19*S19 -> 486936
... A36: 15.2.4 | B36: Vinterforanstaltning | C36: SUM | D36: 1 | E36: 0 | F36: 0 | G36: 0 | H36: 0 | I36: 0 | J36: 0 | K36: 0 | L36: 0 | M36: 0 | N36: 0 | O36: 0 | P36: 0 | Q36: 0 | R36: =SUM(D36:Q36) -> 1 | S36: 109140 | T36: =R36*S36 -> 109140
A37: 15.3 | B37: Administration | T37: =R37*S37 -> 0
A38: 15.3.1 | B38: Administration | C38: SUM | D38: 1 | E38: 0 | F38: 0 | G38: 0 | H38: 0 | I38: 0 | J38: 0 | K38: 0 | L38: 0 | M38: 0 | N38: 0 | O38: 0 | P38: 0 | Q38: 0 | R38: =SUM(D38:Q38) -> 1 | S38: 8765120 | T38: =R38*S38 -> 8765120
A39: 15.4 | B39: Jernbanesikkerhed | T39: =R39*S39 -> 0
A40: 15.4.1 | B40: Jernbanesikkerhed | C40: SUM | D40: 1 | E40: 0 | F40: 0 | G40: 0 | H40: 0 | I40: 0 | J40: 0 | K40: 0 | L40: 0 | M40: 0 | N40: 0 | O40: 0 | P40: 0 | Q40: 0 | R40: =SUM(D40:Q40) -> 1 | S40: 8746692 | T40: =R40*S40 -> 8746692
A41: 15.5 | B41: Arbejdsmiljøkoordinering | T41: =R41*S41 -> 0
B43: Samlet tilbudssum ekskl. moms (i DKK) | T43: =SUM(T2:T41) -> 48827255
B44: Overføres til "Hovedtilbudsliste"

Sheet 16 Ændringsydelser
A1: Fagpost (FP) Hovedpost (HP) Post (P) Underpost (UP) | B1: Ændringsydelser | C1: Enhed | D1: Mængde Forberedende arbejder | E1: Mængde Stadie 1 -1.+ 2. hovedspor Htå -Ro spærret | F1: Mængde Stadie 1a | G1: Mængde Stadie 3 – 3. + 4. hovedspor Htå - Ro spærret | H1: Mængde Stadie 3a | I1: Mængde Stadie 2 – 2. + 3. hovedspor Htå – Ro spærret | J1: Mængde Stadie 2a | K1: Mængde Stadie 4 – 1. og 2. hovedspor Høje Taastrup – Roskilde spærret | L1: Mængde Stadie 5 – 1 + 2 hsp Htå – Ro. Maskinelle arbejder på rammeaftale | M1: Mængde Stadie 6 – Afsluttende manuelle arbejder | N1: Mængde Stadie 7 - 3. og 4. hovedspor Høje Taastrup – Roskilde spærret. Manuelle arbejder | O1: Mængde Stadie 7a - 2. hovedspor Høje Taastrup – Roskilde spærret | P1: Mængde Stadie 8 – 3 + 4 hovedspor Htå – Ro Maskinelle arbejder på rammeaftale | Q1: Mængde Stadie 9 - 3. og 4. hovedspor Høje Taastrup – Roskilde spærret. Afsluttende manuelle arbejder | R1: Mængde i alt | S1: Enhedspris DKK | T1: I alt DKK
A2: 16 | B2: Ændringsydelser | T2: =R2*S2 -> 0
A3: 16.1 | B3: Timesatser for mandtimer | T3: =R3*S3 -> 0
A4: 16.1.1 | B4: Mandtimer | T4: =R4*S4 -> 0
A5: 16.1.1.1 | B5: Entrepriseleder / projektleder / ingeniør | C5: EAT | D5: 750 | E5: 0 | F5: 0 | G5: 0 | H5: 0 | I5: 0 | J5: 0 | K5: 0 | L5: 0 | M5: 0 | N5: 0 | O5: 0 | P5: 0 | Q5: 0 | R5: 750 | S5: 1 | T5: =R5*S5 -> 750
A6: 16.1.1.2 | B6: Formand /Sjakbajs | C6: EAT | D6: 750 | E6: 0 | F6: 0 | G6: 0 | H6: 0 | I6: 0 | J6: 0 | K6: 0 | L6: 0 | M6: 0 | N6: 0 | O6: 0 | P6: 0 | Q6: 0 | R6: 750 | S6: 800 | T6: =R6*S6 -> 600000
A7: 16.1.1.3 | B7: SR1 arbejdsleder | C7: EAT | D7: 750 | E7: 0 | F7: 0 | G7: 0 | H7: 0 | I7: 0 | J7: 0 | K7: 0 | L7: 0 | M7: 0 | N7: 0 | O7: 0 | P7: 0 | Q7: 0 | R7: 750 | S7: 800 | T7: =R7*S7 -> 600000
A8: 16.1.1.4 | B8: SR2 Arbejdsleder | C8: EAT | D8: 500 | E8: 0 | F8: 0 | G8: 0 | H8: 0 | I8: 0 | J8: 0 | K8: 0 | L8: 0 | M8: 0 | N8: 0 | O8: 0 | P8: 0 | Q8: 0 | R8: 500 | S8: 1 | T8: =R8*S8 -> 500
A9: 16.1.1.8 | B9: Sporsvejser | C9: EAT | D9: 750 | E9: 0 | F9: 0 | G9: 0 | H9: 0 | I9: 0 | J9: 0 | K9: 0 | L9: 0 | M9: 0 | N9: 0 | O9: 0 | P9: 0 | Q9: 0 | R9: 750 | S9: 1 | T9: =R9*S9 -> 750
A10: 16.1.1.9 | B10: Sportekniker/sporarbejder | C10: EAT | D10: 750 | E10: 0 | F10: 0 | G10: 0 | H10: 0 | I10: 0 | J10: 0 | K10: 0 | L10: 0 | M10: 0 | N10: 0 | O10: 0 | P10: 0 | Q10: 0 | R10: 750 | S10: 1 | T10: =R10*S10 -> 750
A11: 16.1.1.10 | B11: Kørestrømsmontør | C11: EAT | D11: 750 | E11: 0 | F11: 0 | G11: 0 | H11: 0 | I11: 0 | J11: 0 | K11: 0 | L11: 0 | M11: 0 | N11: 0 | O11: 0 | P11: 0 | Q11: 0 | R11: 750 | S11: 900 | T11: =R11*S11 -> 675000
A12: 16.1.1.11 | B12: Sikringsmontør SR 2 Sikring | C12: EAT | D12: 750 | E12: 0 | F12: 0 | G12: 0 | H12: 0 | I12: 0 | J12: 0 | K12: 0 | L12: 0 | M12: 0 | N12: 0 | O12: 0 | P12: 0 | Q12: 0 | R12: 750 | S12: 1250 | T12: =R12*S12 -> 937500
A13: 16.1.1.15 | B13: PPPB Maskinfører SR | C13: EAT | D13: 250 | E13: 0 | F13: 0 | G13: 0 | H13: 0 | I13: 0 | J13: 0 | K13: 0 | L13: 0 | M13: 0 | N13: 0 | O13: 0 | P13: 0 | Q13: 0 | R13: 250 | S13: 1 | T13: =R13*S13 -> 250
A14: 16.1.1.17 | B14: Elektriker | C14: EAT | D14: 250 | E14: 0 | F14: 0 | G14: 0 | H14: 0 | I14: 0 | J14: 0 | K14: 0 | L14: 0 | M14: 0 | N14: 0 | O14: 0 | P14: 0 | Q14: 0 | R14: 250 | S14: 800 | T14: =R14*S14 -> 200000
A15: 16.1.1.18 | B15: Landmåler | C15: EAT | D15: 500 | E15: 0 | F15: 0 | G15: 0 | H15: 0 | I15: 0 | J15: 0 | K15: 0 | L15: 0 | M15: 0 | N15: 0 | O15: 0 | P15: 0 | Q15: 0 | R15: 500 | S15: 1000 | T15: =R15*S15 -> 500000
A16: 16.1.1.19 | B16: Kabelvagt | C16: EAT | D16: 1000 | E16: 0 | F16: 0 | G16: 0 | H16: 0 | I16: 0 | J16: 0 | K16: 0 | L16: 0 | M16: 0 | N16: 0 | O16: 0 | P16: 0 | Q16: 0 | R16: 1000 | S16: 700 | T16: =R16*S16 -> 700000
... A19: 16.1.1.26 | B19: Kloakmester | C19: EAT | D19: 250 | E19: 0 | F19: 0 | G19: 0 | H19: 0 | I19: 0 | J19: 0 | K19: 0 | L19: 0 | M19: 0 | N19: 0 | O19: 0 | P19: 0 | Q19: 0 | R19: 250 | S19: 1 | T19: =R19*S19 -> 250
A20: 16.2 | B20: Materiel inklusiv fører | T20: =R20*S20 -> 0
A21: 16.2.1 | B21: Særligt spormateriel | T21: =R21*S21 -> 0
A22: 16.2.1.1 | B22: Strækningsstoppemaskine, fuldt bemandet (af-regnes pr km justeret spor) | C22: KM | D22: 4 | E22: 0 | F22: 0 | G22: 0 | H22: 0 | I22: 0 | J22: 0 | K22: 0 | L22: 0 | M22: 0 | N22: 0 | O22: 0 | P22: 0 | Q22: 0 | R22: 4 | S22: 75000 | T22: =R22*S22 -> 300000
A23: 16.2.1.3 | B23: Dynamisk sporstabiliseringsmaskine (DSM), fuldt bemandet (af-regnes pr km udført spor) | C23: KM | D23: 4 | E23: 0 | F23: 0 | G23: 0 | H23: 0 | I23: 0 | J23: 0 | K23: 0 | L23: 0 | M23: 0 | N23: 0 | O23: 0 | P23: 0 | Q23: 0 | R23: 4 | S23: 1 | T23: =R23*S23 -> 4
A24: 16.2.1.4 | B24: Ballastfordeler, fuldt bemandet (afregnes pr km udført spor) | C24: KM | D24: 4 | E24: 0 | F24: 0 | G24: 0 | H24: 0 | I24: 0 | J24: 0 | K24: 0 | L24: 0 | M24: 0 | N24: 0 | O24: 0 | P24: 0 | Q24: 0 | R24: 4 | S24: 1 | T24: =R24*S24 -> 4
A25: 16.2.2 | B25: Materiel | T25: =R25*S25 -> 0
A26: 16.2.2.5 | B26: Skinnekørende dumper over 3,5 tons | C26: T | D26: 250 | E26: 0 | F26: 0 | G26: 0 | H26: 0 | I26: 0 | J26: 0 | K26: 0 | L26: 0 | M26: 0 | N26: 0 | O26: 0 | P26: 0 | Q26: 0 | R26: 250 | S26: 1300 | T26: =R26*S26 -> 325000
A27: 16.2.2.15 | B27: Lastbil med kran (alle typer) | C27: T | D27: 250 | E27: 0 | F27: 0 | G27: 0 | H27: 0 | I27: 0 | J27: 0 | K27: 0 | L27: 0 | M27: 0 | N27: 0 | O27: 0 | P27: 0 | Q27: 0 | R27: 250 | S27: 1000 | T27: =R27*S27 -> 250000
A28: 16.2.2.18 | B28: MFS-vogn | C28: T | D28: 250 | E28: 0 | F28: 0 | G28: 0 | H28: 0 | I28: 0 | J28: 0 | K28: 0 | L28: 0 | M28: 0 | N28: 0 | O28: 0 | P28: 0 | Q28: 0 | R28: 250 | S28: 1 | T28: =R28*S28 -> 250
A29: 16.2.2.20 | B29: Banevogn (alle typer som der ikke er en særskilt post på) | C29: T | D29: 250 | E29: 0 | F29: 0 | G29: 0 | H29: 0 | I29: 0 | J29: 0 | K29: 0 | L29: 0 | M29: 0 | N29: 0 | O29: 0 | P29: 0 | Q29: 0 | R29: 250 | S29: 200 | T29: =R29*S29 -> 50000
A30: 16.2.2.28 | B30: Lokomotiv med ERTMS | C30: T | D30: 250 | E30: 0 | F30: 0 | G30: 0 | H30: 0 | I30: 0 | J30: 0 | K30: 0 | L30: 0 | M30: 0 | N30: 0 | O30: 0 | P30: 0 | Q30: 0 | R30: 250 | S30: 1 | T30: =R30*S30 -> 250
A31: 16.2.2.29 | B31: Lokomotiv med ATC | C31: T | D31: 250 | E31: 0 | F31: 0 | G31: 0 | H31: 0 | I31: 0 | J31: 0 | K31: 0 | L31: 0 | M31: 0 | N31: 0 | O31: 0 | P31: 0 | Q31: 0 | R31: 250 | S31: 1 | T31: =R31*S31 -> 250
A32: 16.2.2.30 | B32: Lokomotiv (alle typer) | C32: T | D32: 250 | E32: 0 | F32: 0 | G32: 0 | H32: 0 | I32: 0 | J32: 0 | K32: 0 | L32: 0 | M32: 0 | N32: 0 | O32: 0 | P32: 0 | Q32: 0 | R32: 250 | S32: 3900 | T32: =R32*S32 -> 975000
A33: 16.4 | B33: Diverse arbejder | T33: =R33*S33 -> 0
A34: 16.4.1 | B34: Flytning af fikspunkt | C34: STK | D34: 25 | E34: 0 | F34: 0 | G34: 0 | H34: 0 | I34: 0 | J34: 0 | K34: 0 | L34: 0 | M34: 0 | N34: 0 | O34: 0 | P34: 0 | Q34: 0 | R34: 25 | S34: 5000 | T34: =R34*S34 -> 125000
A35: 16.4.2 | B35: Krabbemåling | C35: KM | D35: 25 | E35: 0 | F35: 0 | G35: 0 | H35: 0 | I35: 0 | J35: 0 | K35: 0 | L35: 0 | M35: 0 | N35: 0 | O35: 0 | P35: 0 | Q35: 0 | R35: 25 | S35: 2400 | T35: =R35*S35 -> 60000
A36: 16.4.6 | B36: TV-inspektion | T36: =R36*S36 -> 0
A37: 16.4.6.1 | B37: Tv-inspektion med skubbekamera | C37: M | D37: 250 | E37: 0 | F37: 0 | G37: 0 | H37: 0 | I37: 0 | J37: 0 | K37: 0 | L37: 0 | M37: 0 | N37: 0 | O37: 0 | P37: 0 | Q37: 0 | R37: 250 | S37: 300 | T37: =R37*S37 -> 75000
A38: 16.4.6.2 | B38: Tv-inspektion uden skubbekamera | C38: M | D38: 250 | E38: 0 | F38: 0 | G38: 0 | H38: 0 | I38: 0 | J38: 0 | K38: 0 | L38: 0 | M38: 0 | N38: 0 | O38: 0 | P38: 0 | Q38: 0 | R38: 250 | S38: 300 | T38: =R38*S38 -> 75000
A39: 16.4.7 | B39: Anstilling og afrigning af lænsepumpe | C39: STK | D39: 50 | E39: 0 | F39: 0 | G39: 0 | H39: 0 | I39: 0 | J39: 0 | K39: 0 | L39: 0 | M39: 0 | N39: 0 | O39: 0 | P39: 0 | Q39: 0 | R39: 50 | S39: 3000 | T39: =R39*S39 -> 150000
A40: 16.4.8 | B40: Drift af lænsepumpe | C40: DDG | D40: 150 | E40: 0 | F40: 0 | G40: 0 | H40: 0 | I40: 0 | J40: 0 | K40: 0 | L40: 0 | M40: 0 | N40: 0 | O40: 0 | P40: 0 | Q40: 0 | R40: 150 | S40: 1200 | T40: =R40*S40 -> 180000
A41: 16.4.11 | B41: Flytning af kabelrende og sidetrækning af kabler ifm. Fundering | C41: STK | D41: 25 | E41: 0 | F41: 0 | G41: 0 | H41: 0 | I41: 0 | J41: 0 | K41: 0 | L41: 0 | M41: 0 | N41: 0 | O41: 0 | P41: 0 | Q41: 0 | R41: 25 | S41: 7500 | T41: =R41*S41 -> 187500
A42: 16.4.15 | B42: Varetagelse af elansvar for naboentreprenør | T42: =R42*S42 -> 0
A43: 16.4.15.1 | B43: Eldriftleder | C43: STK | D43: 20 | E43: 0 | F43: 0 | G43: 0 | H43: 0 | I43: 0 | J43: 0 | K43: 0 | L43: 100 | M43: 0 | N43: 0 | O43: 0 | P43: 120 | Q43: 0 | R43: 240 | S43: 1200 | T43: =R43*S43 -> 288000
A44: 16.4.15.2 | B44: Holdleder | C44: STK | D44: 20 | E44: 0 | F44: 0 | G44: 0 | H44: 0 | I44: 0 | J44: 0 | K44: 0 | L44: 100 | M44: 0 | N44: 0 | O44: 0 | P44: 120 | Q44: 0 | R44: 240 | S44: 1200 | T44: =R44*S44 -> 288000
A45: 16.4.16 | B45: Etablering af KA for naboentreprenør | C45: STK | D45: 10 | E45: 0 | F45: 0 | G45: 0 | H45: 0 | I45: 0 | J45: 0 | K45: 0 | L45: 10 | M45: 0 | N45: 0 | O45: 0 | P45: 11 | Q45: 0 | R45: 31 | S45: 10000 | T45: =R45*S45 -> 310000
A46: 16.4.17 | B46: Udbedring af dræn ved fundament | C46: STK | D46: 10 | E46: 0 | F46: 0 | G46: 0 | H46: 0 | I46: 0 | J46: 0 | K46: 0 | L46: 0 | M46: 0 | N46: 0 | O46: 0 | P46: 0 | Q46: 0 | R46: 10 | S46: 15000 | T46: =R46*S46 -> 150000
A47: 16.4.18 | B47: Reparation af betonskade på pæl | C47: STK | D47: 25 | E47: 0 | F47: 0 | G47: 0 | H47: 0 | I47: 0 | J47: 0 | K47: 0 | L47: 0 | M47: 0 | N47: 0 | O47: 0 | P47: 0 | Q47: 0 | R47: 25 | S47: 3500 | T47: =R47*S47 -> 87500
A48: 16.4.a | B48: Udskiftning af evt. K0-jord | C48: M3 | D48: 0 | E48: 50 | F48: 0 | G48: 0 | H48: 0 | I48: 50 | J48: 0 | K48: 0 | L48: 0 | M48: 0 | N48: 0 | O48: 0 | P48: 0 | Q48: 0 | R48: 100 | S48: 850 | T48: =R48*S48 -> 85000
B50: Samlet tilbudssum ekskl. moms (i DKK) | T50: =SUM(T2:T48) -> 8877758
B51: Overføres til "Hovedtilbudsliste"

Sheet CO2 aftryk
A1: HP | B1: PO | C1: UP | D1: UP2 | E1: Betegnelse | F1: Enhed | G1: Mængde
A2: 03 | B2: 03 | C2: 06 | D2: 00 | E2: Optagning og genindbygning af sporrammer | F2: M | G2: 775
A3: 03 | B3: 05 | C3: 03 | D3: 01 | E3: Spor der kun er ballastrenset / justeret med sideflytning | F3: M | G3: 18000
A4: 03 | B4: 06 | C4: 03 | D4: 00 | E4: Slutjustering spor | F4: M | G4: 775
A5: 03 | B5: 06 | C5: 05 | D5: 00 | E5: Justering af ikke ombygget spor | F5: M | G5: 18000
A6: 03 | B6: 06 | C6: 06 | D6: 00 | E6: Justering af eksisterende sporskifter | F6: STK | G6: 4
A7: 03 | B7: 06 | C7: 07 | D7: 00 | E7: kørsel med DSM (100.000 bruttoton) | F7: M | G7: 18800
A8: 03 | B8: 06 | C8: 09 | D8: 00 | E8: Belastning af sporbærende broer (25.000 bruttoton) | F8: STK | G8: 13
A9: 03 | B9: 07 | C9: 12 | D9: 00 | E9: Krabbemåling ved spor- og bro-arbejder | F9: M | G9: 27200
A10: 04 | B10: 01 | C10: 01 | D10: 00 | E10: Levering af ballastskærver | F10: M3 | G10: 1505
A11: 04 | B11: 01 | C11: 03 | D11: 00 | E11: Levering af SGII | F11: M3 | G11: 271
A12: 04 | B12: 01 | C12: 04 | D12: 00 | E12: Levering af veldrænende grus | F12: M3 | G12: 10888
A13: 04 | B13: 01 | C13: 05 | D13: 00 | E13: Levering af BLII | F13: M3 | G13: 244
... A252: 16 | B252: 04 | C252: 0a | D252: 00 | E252: Udskiftning af evt. K0-jord | F252: M3 | G252: 100

Sheet NAB
A1: SAP | B1: Fagpost (FP) Hovedpost (HP) Post (P) Underpost (UP) | C1: Poster | D1: Enhed | E1: Mængde Forberedende arbejder | F1: Mængde Stadie 1 -1.+ 2. hovedspor Htå -Ro spærret | G1: Mængde Stadie 1a | H1: Mængde Stadie 3 – 3. + 4. hovedspor Htå - Ro spærret | I1: Mængde Stadie 3a | J1: Mængde Stadie 2 – 2. + 3. hovedspor Htå – Ro spærret | K1: Mængde Stadie 2a | L1: Mængde Stadie 4 – 1. og 2. hovedspor Høje Taastrup – Roskilde spærret | M1: Mængde Stadie 5 – 1 + 2 hsp Htå – Ro. Maskinelle arbejder på rammeaftale | N1: Mængde Stadie 6 – Afsluttende manuelle arbejder | O1: Mængde Stadie 7 - 3. og 4. hovedspor Høje Taastrup – Roskilde spærret. Manuelle arbejder | P1: Mængde Stadie 7a - 2. hovedspor Høje Taastrup – Roskilde spærret | Q1: Mængde Stadie 8 – 3 + 4 hovedspor Htå – Ro Maskinelle arbejder på rammeaftale | R1: Mængde Stadie 9 - 3. og 4. hovedspor Høje Taastrup – Roskilde spærret. Afsluttende manuelle arbejder | S1: Mængde i alt | T1: Enhedspris DKK | U1: I alt DKK | V1: NAB | W1: NAB mængde- akkummulerende | X1: Service nr.
A2: 3 | B2: 3 | C2: Spor | D2: ='3 Spor'!C2 | E2: ='3 Spor'!D2 -> 0 | F2: ='3 Spor'!E2 -> 0 | G2: ='3 Spor'!F2 -> 0 | H2: ='3 Spor'!G2 -> 0 | I2: ='3 Spor'!H2 -> 0 | J2: ='3 Spor'!I2 -> 0 | K2: ='3 Spor'!J2 -> 0 | ... U2: ='3 Spor'!T2 -> 0
A3: 4 | B3: 3.1 | C3: Bygherreleverancer | D3: ='3 Spor'!C3 | E3: ='3 Spor'!D3 -> 0 | F3: ='3 Spor'!E3 -> 0 | G3: ='3 Spor'!F3 -> 0 | H3: ='3 Spor'!G3 -> 0 | I3: ='3 Spor'!H3 -> 0 | J3: ='3 Spor'!I3 -> 0 | K3: ='3 Spor'!J3 -> 0 | ... U3: ='3 Spor'!T3 -> 0
A4: 4 | B4: 3.3 | C4: Sporkonstruktioner | D4: ='3 Spor'!C4 | E4: ='3 Spor'!D4 -> 0 | F4: ='3 Spor'!E4 -> 0 | G4: ='3 Spor'!F4 -> 0 | H4: ='3 Spor'!G4 -> 0 | I4: ='3 Spor'!H4 -> 0 | J4: ='3 Spor'!I4 -> 0 | K4: ='3 Spor'!J4 -> 0 | ... U4: ='3 Spor'!T4 -> 0
A5: 5 | B5: 3.3.6 | C5: Optagning og genindbygning af sporrammer | D5: ='3 Spor'!C5 -> M | E5: ='3 Spor'!D5 -> 0 | F5: ='3 Spor'!E5 -> 492 | G5: ='3 Spor'!F5 -> 0 | H5: ='3 Spor'!G5 -> 143 | I5: ='3 Spor'!H5 -> 0 | J5: ='3 Spor'!I5 -> 140 | K5: ='3 Spor'!J5 -> 0 | ... U5: ='3 Spor'!T5 -> 5807850 | W5: Nej
A6: 4 | B6: 3.5 | C6: Svejsearbejder | D6: ='3 Spor'!C6 | E6: ='3 Spor'!D6 -> 0 | F6: ='3 Spor'!E6 -> 0 | G6: ='3 Spor'!F6 -> 0 | H6: ='3 Spor'!G6 -> 0 | I6: ='3 Spor'!H6 -> 0 | J6: ='3 Spor'!I6 -> 0 | K6: ='3 Spor'!J6 -> 0 | ... U6: ='3 Spor'!T6 -> 0
A7: 5 | B7: 3.5.3 | C7: Spændingsudligning | D7: ='3 Spor'!C7 | E7: ='3 Spor'!D7 -> 0 | F7: ='3 Spor'!E7 -> 0 | G7: ='3 Spor'!F7 -> 0 | H7: ='3 Spor'!G7 -> 0 | I7: ='3 Spor'!H7 -> 0 | J7: ='3 Spor'!I7 -> 0 | K7: ='3 Spor'!J7 -> 0 | ... U7: ='3 Spor'!T7 -> 0
A8: 6 | B8: 3.5.3.1 | C8: Spor der kun er ballastrenset / justeret med sideflytning | D8: ='3 Spor'!C8 -> M | E8: ='3 Spor'!D8 -> 0 | F8: ='3 Spor'!E8 -> 0 | G8: ='3 Spor'!F8 -> 0 | H8: ='3 Spor'!G8 -> 0 | I8: ='3 Spor'!H8 -> 0 | J8: ='3 Spor'!I8 -> 18000 | K8: ='3 Spor'!J8 -> 0 | ... U8: ='3 Spor'!T8 -> 1818000 | W8: Ja
A9: 4 | B9: 3.6 | C9: Justeringsarbejder | D9: ='3 Spor'!C9 | E9: ='3 Spor'!D9 -> 0 | F9: ='3 Spor'!E9 -> 0 | G9: ='3 Spor'!F9 -> 0 | H9: ='3 Spor'!G9 -> 0 | I9: ='3 Spor'!H9 -> 0 | J9: ='3 Spor'!I9 -> 0 | K9: ='3 Spor'!J9 -> 0 | ... U9: ='3 Spor'!T9 -> 0
A10: 5 | B10: 3.6.3 | C10: Slutjustering spor | D10: ='3 Spor'!C10 -> M | E10: ='3 Spor'!D10 -> 0 | F10: ='3 Spor'!E10 -> 492 | G10: ='3 Spor'!F10 -> 0 | H10: ='3 Spor'!G10 -> 143 | I10: ='3 Spor'!H10 -> 0 | J10: ='3 Spor'!I10 -> 140 | K10: ='3 Spor'!J10 -> 0 | ... U10: ='3 Spor'!T10 -> 781200 | V10: 1.1.6 | W10: Ja
A11: 5 | B11: 3.6.5 | C11: Justering af ikke ombygget spor | D11: ='3 Spor'!C11 -> M | E11: ='3 Spor'!D11 -> 0 | F11: ='3 Spor'!E11 -> 0 | G11: ='3 Spor'!F11 -> 0 | H11: ='3 Spor'!G11 -> 0 | I11: ='3 Spor'!H11 -> 0 | J11: ='3 Spor'!I11 -> 18000 | K11: ='3 Spor'!J11 -> 0 | ... U11: ='3 Spor'!T11 -> 2610000 | W11: Ja
A12: 5 | B12: 3.6.6 | C12: Justering af eksisterende sporskifter | D12: ='3 Spor'!C12 -> STK | E12: ='3 Spor'!D12 -> 0 | F12: ='3 Spor'!E12 -> 0 | G12: ='3 Spor'!F12 -> 0 | H12: ='3 Spor'!G12 -> 0 | I12: ='3 Spor'!H12 -> 0 | J12: ='3 Spor'!I12 -> 4 | K12: ='3 Spor'!J12 -> 0 | ... U12: ='3 Spor'!T12 -> 490124 | W12: Ja
A13: 5 | B13: 3.6.7 | C13: kørsel med DSM (100.000 bruttoton) | D13: ='3 Spor'!C13 -> M | E13: ='3 Spor'!D13 -> 0 | F13: ='3 Spor'!E13 -> 0 | G13: ='3 Spor'!F13 -> 0 | H13: ='3 Spor'!G13 -> 0 | I13: ='3 Spor'!H13 -> 0 | J13: ='3 Spor'!I13 -> 18800 | K13: ='3 Spor'!J13 -> 0 | ... U13: ='3 Spor'!T13 -> 329000 | W13: Nej
A14: 5 | B14: 3.6.9 | C14: Belastning af sporbærende broer (25.000 bruttoton) | D14: ='3 Spor'!C14 -> STK | E14: ='3 Spor'!D14 -> 0 | F14: ='3 Spor'!E14 -> 0 | G14: ='3 Spor'!F14 -> 0 | H14: ='3 Spor'!G14 -> 0 | I14: ='3 Spor'!H14 -> 0 | J14: ='3 Spor'!I14 -> 13 | K14: ='3 Spor'!J14 -> 0 | ... U14: ='3 Spor'!T14 -> 218582 | W14: Ja
A15: 4 | B15: 3.7 | C15: Øvrige sporarbejder | D15: ='3 Spor'!C15 | E15: ='3 Spor'!D15 -> 0 | F15: ='3 Spor'!E15 -> 0 | G15: ='3 Spor'!F15 -> 0 | H15: ='3 Spor'!G15 -> 0 | I15: ='3 Spor'!H15 -> 0 | J15: ='3 Spor'!I15 -> 0 | K15: ='3 Spor'!J15 -> 0 | ... U15: ='3 Spor'!T15 -> 0
A16: 5 | B16: 3.7.12 | C16: Krabbemåling ved spor- og bro-arbejder | D16: ='3 Spor'!C16 -> M | E16: ='3 Spor'!D16 -> 8400 | F16: ='3 Spor'!E16 -> 0 | G16: ='3 Spor'!F16 -> 0 | H16: ='3 Spor'!G16 -> 0 | I16: ='3 Spor'!H16 -> 0 | J16: ='3 Spor'!I16 -> 18800 | K16: ='3 Spor'!J16 -> 0 | ... U16: ='3 Spor'!T16 -> 1101600 | W16: Ja
A17: 3 | B17: 4 | C17: Jord og ballast | D17: ='4 Jord og ballast'!C2 | E17: ='4 Jord og ballast'!D2 -> 0 | F17: ='4 Jord og ballast'!E2 -> 0 | G17: ='4 Jord og ballast'!F2 -> 0 | H17: ='4 Jord og ballast'!G2 -> 0 | I17: ='4 Jord og ballast'!H2 -> 0 | J17: ='4 Jord og ballast'!I2 -> 0 | K17: ='4 Jord og ballast'!J2 -> 0 | ... U17: ='4 Jord og ballast'!T2 -> 0
A18: 4 | B18: 4.1 | C18: Materialer | D18: ='4 Jord og ballast'!C3 | E18: ='4 Jord og ballast'!D3 -> 0 | F18: ='4 Jord og ballast'!E3 -> 0 | G18: ='4 Jord og ballast'!F3 -> 0 | H18: ='4 Jord og ballast'!G3 -> 0 | I18: ='4 Jord og ballast'!H3 -> 0 | J18: ='4 Jord og ballast'!I3 -> 0 | K18: ='4 Jord og ballast'!J3 -> 0 | ... U18: ='4 Jord og ballast'!T3 -> 0
A19: 5 | B19: 4.1.1 | C19: Levering af ballastskærver | D19: ='4 Jord og ballast'!C4 -> M3 | E19: ='4 Jord og ballast'!D4 -> 4 | F19: ='4 Jord og ballast'!E4 -> 84 | G19: ='4 Jord og ballast'!F4 -> 0 | H19: ='4 Jord og ballast'!G4 -> 0 | I19: ='4 Jord og ballast'!H4 -> 0 | J19: ='4 Jord og ballast'!I4 -> 1417 | K19: ='4 Jord og ballast'!J4 -> 0 | ... U19: ='4 Jord og ballast'!T4 -> 605010 | W19: Ja
A20: 5 | B20: 4.1.3 | C20: Levering af SGII | D20: ='4 Jord og ballast'!C5 -> M3 | E20: ='4 Jord og ballast'!D5 -> 0 | F20: ='4 Jord og ballast'!E5 -> 257 | G20: ='4 Jord og ballast'!F5 -> 0 | H20: ='4 Jord og ballast'!G5 -> 0 | I20: ='4 Jord og ballast'!H5 -> 0 | J20: ='4 Jord og ballast'!I5 -> 14 | K20: ='4 Jord og ballast'!J5 -> 0 | ... U20: ='4 Jord og ballast'!T5 -> 119782 | V20: 2.1.2 | W20: Ja
A21: 5 | B21: 4.1.4 | C21: Levering af veldrænende grus | D21: ='4 Jord og ballast'!C6 -> M3 | E21: ='4 Jord og ballast'!D6 -> 43 | F21: ='4 Jord og ballast'!E6 -> 0 | G21: ='4 Jord og ballast'!F6 -> 0 | H21: ='4 Jord og ballast'!G6 -> 0 | I21: ='4 Jord og ballast'!H6 -> 0 | J21: ='4 Jord og ballast'!I6 -> 10845 | K21: ='4 Jord og ballast'!J6 -> 0 | ... U21: ='4 Jord og ballast'!T6 -> 2743776 | W21: Ja
A22: 5 | B22: 4.1.5 | C22: Levering af BLII | D22: ='4 Jord og ballast'!C7 -> M3 | E22: ='4 Jord og ballast'!D7 -> 0 | F22: ='4 Jord og ballast'!E7 -> 244 | G22: ='4 Jord og ballast'!F7 -> 0 | H22: ='4 Jord og ballast'!G7 -> 0 | I22: ='4 Jord og ballast'!H7 -> 0 | J22: ='4 Jord og ballast'!I7 -> 0 | K22: ='4 Jord og ballast'!J7 -> 0 | ... U22: ='4 Jord og ballast'!T7 -> 83936 | W22: Ja
A23: 5 | B23: 4.1.a | C23: Levering af filtermateriale | D23: ='4 Jord og ballast'!C8 -> M3 | E23: ='4 Jord og ballast'!D8 -> 0 | F23: ='4 Jord og ballast'!E8 -> 0 | G23: ='4 Jord og ballast'!F8 -> 0 | H23: ='4 Jord og ballast'!G8 -> 0 | I23: ='4 Jord og ballast'!H8 -> 0 | J23: ='4 Jord og ballast'!I8 -> 1985 | K23: ='4 Jord og ballast'!J8 -> 0 | ... U23: ='4 Jord og ballast'!T8 -> 794000
A24: 4 | B24: 4.5 | C24: Råjordsarbejder | D24: ='4 Jord og ballast'!C9 | E24: ='4 Jord og ballast'!D9 -> 0 | F24: ='4 Jord og ballast'!E9 -> 0 | G24: ='4 Jord og ballast'!F9 -> 0 | H24: ='4 Jord og ballast'!G9 -> 0 | I24: ='4 Jord og ballast'!H9 -> 0 | J24: ='4 Jord og ballast'!I9 -> 0 | K24: ='4 Jord og ballast'!J9 -> 0 | ... U24: ='4 Jord og ballast'!T9 -> 0
A25: 4 | B25: 4.6 | C25: Øvrige jord- og ballastarbejder | D25: ='4 Jord og ballast'!C10 | E25: ='4 Jord og ballast'!D10 -> 0 | F25: ='4 Jord og ballast'!E10 -> 0 | G25: ='4 Jord og ballast'!F10 -> 0 | H25: ='4 Jord og ballast'!G10 -> 0 | I25: ='4 Jord og ballast'!H10 -> 0 | J25: ='4 Jord og ballast'!I10 -> 0 | K25: ='4 Jord og ballast'!J10 -> 0 | ... U25: ='4 Jord og ballast'!T10 -> 0
A26: 5 | B26: 4.6.1 | C26: Etablering af brokiler ved sporbærende broer | D26: ='4 Jord og ballast'!C11 -> STK | E26: ='4 Jord og ballast'!D11 -> 0 | F26: ='4 Jord og ballast'!E11 -> 6 | G26: ='4 Jord og ballast'!F11 -> 0 | H26: ='4 Jord og ballast'!G11 -> 6 | I26: ='4 Jord og ballast'!H11 -> 0 | J26: ='4 Jord og ballast'!I11 -> 0 | K26: ='4 Jord og ballast'!J11 -> 0 | ... U26: ='4 Jord og ballast'!T11 -> 222528 | V26: 2.3.4 | W26: Ja
A27: 5 | B27: 4.6.3 | C27: Ballastmåtter på sporbærende broer | D27: ='4 Jord og ballast'!C12 -> M2 | E27: ='4 Jord og ballast'!D12 -> 0 | F27: ='4 Jord og ballast'!E12 -> 135 | G27: ='4 Jord og ballast'!F12 -> 0 | H27: ='4 Jord og ballast'!G12 -> 0 | I27: ='4 Jord og ballast'!H12 -> 0 | J27: ='4 Jord og ballast'!I12 -> 0 | K27: ='4 Jord og ballast'!J12 -> 0 | ... U27: ='4 Jord og ballast'!T12 -> 203715 | W27: Ja
A28: 4 | B28: 4.X | C28: Projektspecifikke arbejder ifm. Jord og ballast | D28: ='4 Jord og ballast'!C13 | E28: ='4 Jord og ballast'!D13 -> 0 | F28: ='4 Jord og ballast'!E13 -> 0 | G28: ='4 Jord og ballast'!F13 -> 0 | H28: ='4 Jord og ballast'!G13 -> 0 | I28: ='4 Jord og ballast'!H13 -> 0 | J28: ='4 Jord og ballast'!I13 -> 0 | K28: ='4 Jord og ballast'!J13 -> 0 | ... U28: ='4 Jord og ballast'!T13 -> 0
A29: 5 | B29: 4.X.1 | C29: Reprofilering af skærveballast efter etablering af drænrende mellem spor 2 og 3 | D29: ='4 Jord og ballast'!C14 -> M | E29: ='4 Jord og ballast'!D14 -> 0 | F29: ='4 Jord og ballast'!E14 -> 0 | G29: ='4 Jord og ballast'!F14 -> 0 | H29: ='4 Jord og ballast'!G14 -> 0 | I29: ='4 Jord og ballast'!H14 -> 0 | J29: ='4 Jord og ballast'!I14 -> 16548 | K29: ='4 Jord og ballast'!J14 -> 0 | ... U29: ='4 Jord og ballast'!T14 -> 612276
A30: 3 | B30: 5 | C30: Afvanding | D30: ='5 Afvanding'!C2 | E30: ='5 Afvanding'!D2 -> 0 | F30: ='5 Afvanding'!E2 -> 0 | G30: ='5 Afvanding'!F2 -> 0 | H30: ='5 Afvanding'!G2 -> 0 | I30: ='5 Afvanding'!H2 -> 0 | J30: ='5 Afvanding'!I2 -> 0 | K30: ='5 Afvanding'!J2 -> 0 | ... U30: ='5 Afvanding'!T2 -> 0
A31: 4 | B31: 5.1 | C31: Etablering af drænsystem | D31: ='5 Afvanding'!C3 | E31: ='5 Afvanding'!D3 -> 0 | F31: ='5 Afvanding'!E3 -> 0 | G31: ='5 Afvanding'!F3 -> 0 | H31: ='5 Afvanding'!G3 -> 0 | I31: ='5 Afvanding'!H3 -> 0 | J31: ='5 Afvanding'!I3 -> 0 | K31: ='5 Afvanding'!J3 -> 0 | ... U31: ='5 Afvanding'!T3 -> 0
A32: 5 | B32: 5.1.1 | C32: Etablering af fuldslidset dræn, dybde ≤ 1 m under råjordsplanum | D32: ='5 Afvanding'!C4 | E32: ='5 Afvanding'!D4 -> 0 | F32: ='5 Afvanding'!E4 -> 0 | G32: ='5 Afvanding'!F4 -> 0 | H32: ='5 Afvanding'!G4 -> 0 | I32: ='5 Afvanding'!H4 -> 0 | J32: ='5 Afvanding'!I4 -> 0 | K32: ='5 Afvanding'!J4 -> 0 | ... U32: ='5 Afvanding'!T4 -> 0
A33: 6 | B33: 5.1.1.1 | C33: Ø160 (Ø145) med filtergrus A, udgravning bredde 0,40 meter | D33: ='5 Afvanding'!C5 -> M | E33: ='5 Afvanding'!D5 -> 0 | F33: ='5 Afvanding'!E5 -> 21 | G33: ='5 Afvanding'!F5 -> 0 | H33: ='5 Afvanding'!G5 -> 21 | I33: ='5 Afvanding'!H5 -> 0 | J33: ='5 Afvanding'!I5 -> 829 | K33: ='5 Afvanding'!J5 -> 0 | ... U33: ='5 Afvanding'!T5 -> 1711515 | W33: Ja
A34: 6 | B34: 5.1.1.a | C34: Brokile dræn | D34: ='5 Afvanding'!C6 -> M | E34: ='5 Afvanding'!D6 -> 0 | F34: ='5 Afvanding'!E6 -> 22 | G34: ='5 Afvanding'!F6 -> 0 | H34: ='5 Afvanding'!G6 -> 0 | I34: ='5 Afvanding'!H6 -> 25 | J34: ='5 Afvanding'!I6 -> 0 | K34: ='5 Afvanding'!J6 -> 0 | ... U34: ='5 Afvanding'!T6 -> 189175
A35: 5 | B35: 5.1.3 | C35: Etablering af topslidset dræn, dybde ≤ 1 m under råjordsplanum | D35: ='5 Afvanding'!C7 | E35: ='5 Afvanding'!D7 -> 0 | F35: ='5 Afvanding'!E7 -> 0 | G35: ='5 Afvanding'!F7 -> 0 | H35: ='5 Afvanding'!G7 -> 0 | I35: ='5 Afvanding'!H7 -> 0 | J35: ='5 Afvanding'!I7 -> 0 | K35: ='5 Afvanding'!J7 -> 0 | ... U35: ='5 Afvanding'!T7 -> 0
A36: 6 | B36: 5.1.3.1 | C36: Ø160 (Ø145) med filtergrus A, udgravning bredde 0,40 meter | D36: ='5 Afvanding'!C8 -> M | E36: ='5 Afvanding'!D8 -> 0 | F36: ='5 Afvanding'!E8 -> 0 | G36: ='5 Afvanding'!F8 -> 0 | H36: ='5 Afvanding'!G8 -> 0 | I36: ='5 Afvanding'!H8 -> 0 | J36: ='5 Afvanding'!I8 -> 1818 | K36: ='5 Afvanding'!J8 -> 0 | ... U36: ='5 Afvanding'!T8 -> 3754170 | W36: Ja
A37: 6 | B37: 5.1.3.2 | C37: Ø200 (Ø180) med filtergrus A, udgravning bredde 0,60 meter | D37: ='5 Afvanding'!C9 -> M | E37: ='5 Afvanding'!D9 -> 0 | F37: ='5 Afvanding'!E9 -> 0 | G37: ='5 Afvanding'!F9 -> 0 | H37: ='5 Afvanding'!G9 -> 0 | I37: ='5 Afvanding'!H9 -> 0 | J37: ='5 Afvanding'!I9 -> 2067 | K37: ='5 Afvanding'!J9 -> 0 | ... U37: ='5 Afvanding'!T9 -> 5919888 | W37: Ja
A38: 6 | B38: 5.1.3.3 | C38: Ø250 med filtergrus A, udgravning bredde 0,60 meter | D38: ='5 Afvanding'!C10 -> M | E38: ='5 Afvanding'!D10 -> 0 | F38: ='5 Afvanding'!E10 -> 0 | G38: ='5 Afvanding'!F10 -> 0 | H38: ='5 Afvanding'!G10 -> 0 | I38: ='5 Afvanding'!H10 -> 0 | J38: ='5 Afvanding'!I10 -> 1960 | K38: ='5 Afvanding'!J10 -> 0 | ... U38: ='5 Afvanding'!T10 -> 5962320 | W38: Ja
A39: 6 | B39: 5.1.3.4 | C39: Ø315 med filtergrus A, udgravning bredde 0,60 meter | D39: ='5 Afvanding'!C11 -> M | E39: ='5 Afvanding'!D11 -> 0 | F39: ='5 Afvanding'!E11 -> 0 | G39: ='5 Afvanding'!F11 -> 0 | H39: ='5 Afvanding'!G11 -> 0 | I39: ='5 Afvanding'!H11 -> 0 | J39: ='5 Afvanding'!I11 -> 1197 | K39: ='5 Afvanding'!J11 -> 0 | ... U39: ='5 Afvanding'!T11 -> 4154787 | W39: Ja
A40: 4 | B40: 5.2 | C40: Etablering af tætte ledninger og trykledning | D40: ='5 Afvanding'!C12 | E40: ='5 Afvanding'!D12 -> 0 | F40: ='5 Afvanding'!E12 -> 0 | G40: ='5 Afvanding'!F12 -> 0 | H40: ='5 Afvanding'!G12 -> 0 | I40: ='5 Afvanding'!H12 -> 0 | J40: ='5 Afvanding'!I12 -> 0 | K40: ='5 Afvanding'!J12 -> 0 | ... U40: ='5 Afvanding'!T12 -> 0
A41: 5 | B41: 5.2.1 | C41: Etablering af tætte ledninger, dybde ≤ 1 m under råjordsplanrum | D41: ='5 Afvanding'!C13 | E41: ='5 Afvanding'!D13 -> 0 | F41: ='5 Afvanding'!E13 -> 0 | G41: ='5 Afvanding'!F13 -> 0 | H41: ='5 Afvanding'!G13 -> 0 | I41: ='5 Afvanding'!H13 -> 0 | J41: ='5 Afvanding'!I13 -> 0 | K41: ='5 Afvanding'!J13 -> 0 | ... U41: ='5 Afvanding'!T13 -> 0
A42: 6 | B42: 5.2.1.1 | C42: Ø160 PP/PE | D42: ='5 Afvanding'!C14 -> M | E42: ='5 Afvanding'!D14 -> 0 | F42: ='5 Afvanding'!E14 -> 26 | G42: ='5 Afvanding'!F14 -> 0 | H42: ='5 Afvanding'!G14 -> 7 | I42: ='5 Afvanding'!H14 -> 0 | J42: ='5 Afvanding'!I14 -> 451 | K42: ='5 Afvanding'!J14 -> 0 | ... U42: ='5 Afvanding'!T14 -> 1192092 | W42: Ja
A43: 6 | B43: 5.2.1.2 | C43: Ø200 PP/PE | D43: ='5 Afvanding'!C15 -> M | E43: ='5 Afvanding'!D15 -> 0 | F43: ='5 Afvanding'!E15 -> 0 | G43: ='5 Afvanding'!F15 -> 0 | H43: ='5 Afvanding'!G15 -> 0 | I43: ='5 Afvanding'!H15 -> 0 | J43: ='5 Afvanding'!I15 -> 203 | K43: ='5 Afvanding'!J15 -> 0 | ... U43: ='5 Afvanding'!T15 -> 597835 | W43: Ja
A44: 6 | B44: 5.2.1.3 | C44: Ø250 PP/PE | D44: ='5 Afvanding'!C16 -> M | E44: ='5 Afvanding'!D16 -> 0 | F44: ='5 Afvanding'!E16 -> 24 | G44: ='5 Afvanding'!F16 -> 0 | H44: ='5 Afvanding'!G16 -> 0 | I44: ='5 Afvanding'!H16 -> 0 | J44: ='5 Afvanding'!I16 -> 212 | K44: ='5 Afvanding'!J16 -> 0 | ... U44: ='5 Afvanding'!T16 -> 709652 | W44: Ja
A45: 6 | B45: 5.2.1.4 | C45: Ø315 PP/PE | D45: ='5 Afvanding'!C17 -> M | E45: ='5 Afvanding'!D17 -> 0 | F45: ='5 Afvanding'!E17 -> 109 | G45: ='5 Afvanding'!F17 -> 0 | H45: ='5 Afvanding'!G17 -> 0 | I45: ='5 Afvanding'!H17 -> 0 | J45: ='5 Afvanding'!I17 -> 191 | K45: ='5 Afvanding'!J17 -> 0 | ... U45: ='5 Afvanding'!T17 -> 1017600 | W45: Ja
A46: 6 | B46: 5.2.1.5 | C46: Ø400 PP/PE | D46: ='5 Afvanding'!C18 -> M | E46: ='5 Afvanding'!D18 -> 0 | F46: ='5 Afvanding'!E18 -> 11 | G46: ='5 Afvanding'!F18 -> 0 | H46: ='5 Afvanding'!G18 -> 0 | I46: ='5 Afvanding'!H18 -> 0 | J46: ='5 Afvanding'!I18 -> 2 | K46: ='5 Afvanding'!J18 -> 0 | ... U46: ='5 Afvanding'!T18 -> 55120 | W46: Ja
A47: 5 | B47: 5.2.6 | C47: Tillægspris ved ledningspassager ved køreledningsmaster, bardunpæle og andre objekter | D47: ='5 Afvanding'!C19 | E47: ='5 Afvanding'!D19 -> 0 | F47: ='5 Afvanding'!E19 -> 0 | G47: ='5 Afvanding'!F19 -> 0 | H47: ='5 Afvanding'!G19 -> 0 | I47: ='5 Afvanding'!H19 -> 0 | J47: ='5 Afvanding'!I19 -> 0 | K47: ='5 Afvanding'!J19 -> 0 | ... U47: ='5 Afvanding'!T19 -> 0
A48: 6 | B48: 5.2.6.1 | C48: Kørestrømsmast | D48: ='5 Afvanding'!C20 -> STK | E48: ='5 Afvanding'!D20 -> 0 | F48: ='5 Afvanding'!E20 -> 0 | G48: ='5 Afvanding'!F20 -> 0 | H48: ='5 Afvanding'!G20 -> 0 | I48: ='5 Afvanding'!H20 -> 0 | J48: ='5 Afvanding'!I20 -> 148 | K48: ='5 Afvanding'!J20 -> 0 | ... U48: ='5 Afvanding'!T20 -> 423428 | W48: Ja
A49: 6 | B49: 5.2.6.2 | C49: Kørestrømsmast og bardunfundament | D49: ='5 Afvanding'!C21 -> STK | E49: ='5 Afvanding'!D21 -> 0 | F49: ='5 Afvanding'!E21 -> 0 | G49: ='5 Afvanding'!F21 -> 0 | H49: ='5 Afvanding'!G21 -> 0 | I49: ='5 Afvanding'!H21 -> 0 | J49: ='5 Afvanding'!I21 -> 29 | K49: ='5 Afvanding'!J21 -> 0 | ... U49: ='5 Afvanding'!T21 -> 82969 | W49: Ja
A50: 4 | B50: 5.3 | C50: Etablering af gennemløbsbrønde | D50: ='5 Afvanding'!C22 | E50: ='5 Afvanding'!D22 -> 0 | F50: ='5 Afvanding'!E22 -> 0 | G50: ='5 Afvanding'!F22 -> 0 | H50: ='5 Afvanding'!G22 -> 0 | I50: ='5 Afvanding'!H22 -> 0 | J50: ='5 Afvanding'!I22 -> 0 | K50: ='5 Afvanding'!J22 -> 0 | ... U50: ='5 Afvanding'!T22 -> 0
A51: 5 | B51: 5.3.1 | C51: Etablering af gennemløbsbrønde dybde ≤ 1 m under råjordsplanum | D51: ='5 Afvanding'!C23 | E51: ='5 Afvanding'!D23 -> 0 | F51: ='5 Afvanding'!E23 -> 0 | G51: ='5 Afvanding'!F23 -> 0 | H51: ='5 Afvanding'!G23 -> 0 | I51: ='5 Afvanding'!H23 -> 0 | J51: ='5 Afvanding'!I23 -> 0 | K51: ='5 Afvanding'!J23 -> 0 | ... U51: ='5 Afvanding'!T23 -> 0
A52: 6 | B52: 5.3.1.2 | C52: Ø425 PP | D52: ='5 Afvanding'!C24 -> STK | E52: ='5 Afvanding'!D24 -> 0 | F52: ='5 Afvanding'!E24 -> 0 | G52: ='5 Afvanding'!F24 -> 0 | H52: ='5 Afvanding'!G24 -> 0 | I52: ='5 Afvanding'!H24 -> 0 | J52: ='5 Afvanding'!I24 -> 157 | K52: ='5 Afvanding'!J24 -> 0 | ... U52: ='5 Afvanding'!T24 -> 615911 | W52: Ja
A53: 6 | B53: 5.3.1.3 | C53: Ø600 PP | D53: ='5 Afvanding'!C25 -> STK | E53: ='5 Afvanding'!D25 -> 0 | F53: ='5 Afvanding'!E25 -> 0 | G53: ='5 Afvanding'!F25 -> 0 | H53: ='5 Afvanding'!G25 -> 0 | I53: ='5 Afvanding'!H25 -> 0 | J53: ='5 Afvanding'!I25 -> 82 | K53: ='5 Afvanding'!J25 -> 0 | ... U53: ='5 Afvanding'!T25 -> 513074 | W53: Ja
A54: 6 | B54: 5.3.1.a | C54: Ø1000 Bt | D54: ='5 Afvanding'!C26 -> STK | E54: ='5 Afvanding'!D26 -> 0 | F54: ='5 Afvanding'!E26 -> 0 | G54: ='5 Afvanding'!F26 -> 0 | H54: ='5 Afvanding'!G26 -> 0 | I54: ='5 Afvanding'!H26 -> 0 | J54: ='5 Afvanding'!I26 -> 1 | K54: ='5 Afvanding'!J26 -> 0 | ... U54: ='5 Afvanding'!T26 -> 25501
A55: 4 | B55: 5.4 | C55: Etablering af sandfangsbrønde | D55: ='5 Afvanding'!C27 | E55: ='5 Afvanding'!D27 -> 0 | F55: ='5 Afvanding'!E27 -> 0 | G55: ='5 Afvanding'!F27 -> 0 | H55: ='5 Afvanding'!G27 -> 0 | I55: ='5 Afvanding'!H27 -> 0 | J55: ='5 Afvanding'!I27 -> 0 | K55: ='5 Afvanding'!J27 -> 0 | ... U55: ='5 Afvanding'!T27 -> 0
A56: 5 | B56: 5.4.1 | C56: Etablering af sandfangsbrønde dybde ≤ 1 m under råjordsplanum | D56: ='5 Afvanding'!C28 | E56: ='5 Afvanding'!D28 -> 0 | F56: ='5 Afvanding'!E28 -> 0 | G56: ='5 Afvanding'!F28 -> 0 | H56: ='5 Afvanding'!G28 -> 0 | I56: ='5 Afvanding'!H28 -> 0 | J56: ='5 Afvanding'!I28 -> 0 | K56: ='5 Afvanding'!J28 -> 0 | ... U56: ='5 Afvanding'!T28 -> 0
A57: 6 | B57: 5.4.1.3 | C57: Ø600 PP | D57: ='5 Afvanding'!C29 -> STK | E57: ='5 Afvanding'!D29 -> 4 | F57: ='5 Afvanding'!E29 -> 0 | G57: ='5 Afvanding'!F29 -> 0 | H57: ='5 Afvanding'!G29 -> 0 | I57: ='5 Afvanding'!H29 -> 0 | J57: ='5 Afvanding'!I29 -> 5 | K57: ='5 Afvanding'!J29 -> 0 | ... U57: ='5 Afvanding'!T29 -> 72387 | W57: Ja
A58: 6 | B58: 5.4.1.a | C58: Ø800 PP | D58: ='5 Afvanding'!C30 -> STK | E58: ='5 Afvanding'!D30 -> 1 | F58: ='5 Afvanding'!E30 -> 0 | G58: ='5 Afvanding'!F30 -> 0 | H58: ='5 Afvanding'!G30 -> 0 | I58: ='5 Afvanding'!H30 -> 0 | J58: ='5 Afvanding'!I30 -> 1 | K58: ='5 Afvanding'!J30 -> 0 | ... U58: ='5 Afvanding'!T30 -> 38120
A59: 5 | B59: 5.4.2 | C59: Etablering af sandfangsbrønde 1 m < dybde ≤ 2 m under råjordsplanum | D59: ='5 Afvanding'!C31 | E59: ='5 Afvanding'!D31 -> 0 | F59: ='5 Afvanding'!E31 -> 0 | G59: ='5 Afvanding'!F31 -> 0 | H59: ='5 Afvanding'!G31 -> 0 | I59: ='5 Afvanding'!H31 -> 0 | J59: ='5 Afvanding'!I31 -> 0 | K59: ='5 Afvanding'!J31 -> 0 | ... U59: ='5 Afvanding'!T31 -> 0
A60: 6 | B60: 5.4.2.2 | C60: Ø600 PP | D60: ='5 Afvanding'!C32 -> STK | E60: ='5 Afvanding'!D32 -> 6 | F60: ='5 Afvanding'!E32 -> 0 | G60: ='5 Afvanding'!F32 -> 0 | H60: ='5 Afvanding'!G32 -> 0 | I60: ='5 Afvanding'!H32 -> 0 | J60: ='5 Afvanding'!I32 -> 0 | K60: ='5 Afvanding'!J32 -> 0 | ... U60: ='5 Afvanding'!T32 -> 91872 | W60: Ja
A61: 6 | B61: 5.4.2.a | C61: Ø800 PP | D61: ='5 Afvanding'!C33 -> STK | E61: ='5 Afvanding'!D33 -> 3 | F61: ='5 Afvanding'!E33 -> 0 | G61: ='5 Afvanding'!F33 -> 0 | H61: ='5 Afvanding'!G33 -> 0 | I61: ='5 Afvanding'!H33 -> 0 | J61: ='5 Afvanding'!I33 -> 1 | K61: ='5 Afvanding'!J33 -> 0 | ... U61: ='5 Afvanding'!T33 -> 90924
A62: 4 | B62: 5.6 | C62: Banegrøfter | D62: ='5 Afvanding'!C34 | E62: ='5 Afvanding'!D34 -> 0 | F62: ='5 Afvanding'!E34 -> 0 | G62: ='5 Afvanding'!F34 -> 0 | H62: ='5 Afvanding'!G34 -> 0 | I62: ='5 Afvanding'!H34 -> 0 | J62: ='5 Afvanding'!I34 -> 0 | K62: ='5 Afvanding'!J34 -> 0 | ... U62: ='5 Afvanding'!T34 -> 0
A63: 5 | B63: 5.6.1 | C63: Oprensning af banegrøfter | D63: ='5 Afvanding'!C35 -> M | E63: ='5 Afvanding'!D35 -> 0 | F63: ='5 Afvanding'!E35 -> 190 | G63: ='5 Afvanding'!F35 -> 0 | H63: ='5 Afvanding'!G35 -> 31 | I63: ='5 Afvanding'!H35 -> 0 | J63: ='5 Afvanding'!I35 -> 0 | K63: ='5 Afvanding'!J35 -> 0 | ... U63: ='5 Afvanding'!T35 -> 39559 | W63: Ja
A64: 5 | B64: 5.6.2 | C64: Etablering af fliseseng lille. | D64: ='5 Afvanding'!C36 -> STK | E64: ='5 Afvanding'!D36 -> 0 | F64: ='5 Afvanding'!E36 -> 5 | G64: ='5 Afvanding'!F36 -> 0 | H64: ='5 Afvanding'!G36 -> 0 | I64: ='5 Afvanding'!H36 -> 0 | J64: ='5 Afvanding'!I36 -> 0 | K64: ='5 Afvanding'!J36 -> 0 | ... U64: ='5 Afvanding'!T36 -> 120810 | W64: Ja
A65: 5 | B65: 5.6.3 | C65: Etablering af fliseseng stor | D65: ='5 Afvanding'!C37 -> STK | E65: ='5 Afvanding'!D37 -> 0 | F65: ='5 Afvanding'!E37 -> 11 | G65: ='5 Afvanding'!F37 -> 0 | H65: ='5 Afvanding'!G37 -> 0 | I65: ='5 Afvanding'!H37 -> 0 | J65: ='5 Afvanding'!I37 -> 0 | K65: ='5 Afvanding'!J37 -> 0 | ... U65: ='5 Afvanding'!T37 -> 400114 | W65: Ja
A66: 4 | B66: 5.7 | C66: Gravekasse | D66: ='5 Afvanding'!C38 | E66: ='5 Afvanding'!D38 -> 0 | F66: ='5 Afvanding'!E38 -> 0 | G66: ='5 Afvanding'!F38 -> 0 | H66: ='5 Afvanding'!G38 -> 0 | I66: ='5 Afvanding'!H38 -> 0 | J66: ='5 Afvanding'!I38 -> 0 | K66: ='5 Afvanding'!J38 -> 0 | ... U66: ='5 Afvanding'!T38 -> 0
A67: 5 | B67: 5.7.a | C67: Gravekasse ift. eksisterende terræn | D67: ='5 Afvanding'!C39 -> M | E67: ='5 Afvanding'!D39 -> 0 | F67: ='5 Afvanding'!E39 -> 188 | G67: ='5 Afvanding'!F39 -> 0 | H67: ='5 Afvanding'!G39 -> 27 | I67: ='5 Afvanding'!H39 -> 0 | J67: ='5 Afvanding'!I39 -> 8929 | K67: ='5 Afvanding'!J39 -> 0 | ... U67: ='5 Afvanding'!T39 -> 3145536
A68: 5 | B68: 5.7.b | C68: Gravekasse ift. eksisterende terræn d < 2m | D68: ='5 Afvanding'!C40 -> M | E68: ='5 Afvanding'!D40 -> 30 | F68: ='5 Afvanding'!E40 -> 0 | G68: ='5 Afvanding'!F40 -> 0 | H68: ='5 Afvanding'!G40 -> 0 | I68: ='5 Afvanding'!H40 -> 0 | J68: ='5 Afvanding'!I40 -> 250 | K68: ='5 Afvanding'!J40 -> 0 | ... U68: ='5 Afvanding'!T40 -> 331240
A69: 4 | B69: 5.8 | C69: Øvrige afvandingsarbejder | D69: ='5 Afvanding'!C41 | E69: ='5 Afvanding'!D41 -> 0 | F69: ='5 Afvanding'!E41 -> 0 | G69: ='5 Afvanding'!F41 -> 0 | H69: ='5 Afvanding'!G41 -> 0 | I69: ='5 Afvanding'!H41 -> 0 | J69: ='5 Afvanding'!I41 -> 0 | K69: ='5 Afvanding'!J41 -> 0 | ... U69: ='5 Afvanding'!T41 -> 0
A70: 5 | B70: 5.8.3 | C70: Nedlægning af eksisterende ledninger og dræn ved betonfyldning | D70: ='5 Afvanding'!C42 -> M | E70: ='5 Afvanding'!D42 -> 0 | F70: ='5 Afvanding'!E42 -> 0 | G70: ='5 Afvanding'!F42 -> 0 | H70: ='5 Afvanding'!G42 -> 0 | I70: ='5 Afvanding'!H42 -> 0 | J70: ='5 Afvanding'!I42 -> 394 | K70: ='5 Afvanding'!J42 -> 0 | ... U70: ='5 Afvanding'!T42 -> 360904 | W70: Ja
A71: 5 | B71: 5.8.6 | C71: Tilslutning til eksisterende ledning | D71: ='5 Afvanding'!C43 | E71: ='5 Afvanding'!D43 -> 0 | F71: ='5 Afvanding'!E43 -> 0 | G71: ='5 Afvanding'!F43 -> 0 | H71: ='5 Afvanding'!G43 -> 0 | I71: ='5 Afvanding'!H43 -> 0 | J71: ='5 Afvanding'!I43 -> 0 | K71: ='5 Afvanding'!J43 -> 0 | ... U71: ='5 Afvanding'!T43 -> 0 | W71: Nej
A72: 6 | B72: 5.8.6.1 | C72: Tilslutning til eksisterende betonledning | D72: ='5 Afvanding'!C44 -> STK | E72: ='5 Afvanding'!D44 -> 0 | F72: ='5 Afvanding'!E44 -> 0 | G72: ='5 Afvanding'!F44 -> 0 | H72: ='5 Afvanding'!G44 -> 0 | I72: ='5 Afvanding'!H44 -> 0 | J72: ='5 Afvanding'!I44 -> 4 | K72: ='5 Afvanding'!J44 -> 0 | ... U72: ='5 Afvanding'!T44 -> 78756 | W72: Ja
A73: 6 | B73: 5.8.6.2 | C73: Tilslutning til eksisterende plastledning | D73: ='5 Afvanding'!C45 -> STK | E73: ='5 Afvanding'!D45 -> 0 | F73: ='5 Afvanding'!E45 -> 0 | G73: ='5 Afvanding'!F45 -> 0 | H73: ='5 Afvanding'!G45 -> 0 | I73: ='5 Afvanding'!H45 -> 0 | J73: ='5 Afvanding'!I45 -> 14 | K73: ='5 Afvanding'!J45 -> 0 | ... U73: ='5 Afvanding'!T45 -> 122640 | W73: Ja
A74: 5 | B74: 5.8.a | C74: Registrering, indmåling og tv-inspektion (DANDAS) | D74: ='5 Afvanding'!C46 | E74: ='5 Afvanding'!D46 -> 0 | F74: ='5 Afvanding'!E46 -> 0 | G74: ='5 Afvanding'!F46 -> 0 | H74: ='5 Afvanding'!G46 -> 0 | I74: ='5 Afvanding'!H46 -> 0 | J74: ='5 Afvanding'!I46 -> 0 | K74: ='5 Afvanding'!J46 -> 0 | ... U74: ='5 Afvanding'!T46 -> 0
A75: 6 | B75: 5.8.a.a | C75: Indmåling og registrering af ledning og ledningstracé | D75: ='5 Afvanding'!C47 -> M | E75: ='5 Afvanding'!D47 -> 0 | F75: ='5 Afvanding'!E47 -> 213 | G75: ='5 Afvanding'!F47 -> 0 | H75: ='5 Afvanding'!G47 -> 28 | I75: ='5 Afvanding'!H47 -> 25 | J75: ='5 Afvanding'!I47 -> 9325 | K75: ='5 Afvanding'!J47 -> 0 | ... U75: ='5 Afvanding'!T47 -> 95910
A76: 6 | B76: 5.8.a.b | C76: Indmåling og registrering af åbne grøfter, vandløb og bassiner | D76: ='5 Afvanding'!C48 -> M | E76: ='5 Afvanding'!D48 -> 0 | F76: ='5 Afvanding'!E48 -> 190 | G76: ='5 Afvanding'!F48 -> 0 | H76: ='5 Afvanding'!G48 -> 31 | I76: ='5 Afvanding'!H48 -> 0 | J76: ='5 Afvanding'!I48 -> 0 | K76: ='5 Afvanding'!J48 -> 0 | ... U76: ='5 Afvanding'!T48 -> 3094
A77: 6 | B77: 5.8.a.c | C77: Brøndrapporter efter DTVK | D77: ='5 Afvanding'!C49 -> STK | E77: ='5 Afvanding'!D49 -> 0 | F77: ='5 Afvanding'!E49 -> 0 | G77: ='5 Afvanding'!F49 -> 0 | H77: ='5 Afvanding'!G49 -> 0 | I77: ='5 Afvanding'!H49 -> 0 | J77: ='5 Afvanding'!I49 -> 263 | K77: ='5 Afvanding'!J49 -> 0 | ... U77: ='5 Afvanding'!T49 -> 167794
A78: 5 | B78: 5.8.b | C78: TV-inspektion | D78: ='5 Afvanding'!C50 -> M | E78: ='5 Afvanding'!D50 -> 0 | F78: ='5 Afvanding'!E50 -> 0 | G78: ='5 Afvanding'!F50 -> 0 | H78: ='5 Afvanding'!G50 -> 0 | I78: ='5 Afvanding'!H50 -> 0 | J78: ='5 Afvanding'!I50 -> 0 | K78: ='5 Afvanding'!J50 -> 0 | ... U78: ='5 Afvanding'!T50 -> 0
A79: 6 | B79: 5.8.b.a | C79: TV-inspektion af nye ledninger | D79: ='5 Afvanding'!C51 -> M | E79: ='5 Afvanding'!D51 -> 27 | F79: ='5 Afvanding'!E51 -> 213 | G79: ='5 Afvanding'!F51 -> 0 | H79: ='5 Afvanding'!G51 -> 29 | I79: ='5 Afvanding'!H51 -> 25 | J79: ='5 Afvanding'!I51 -> 8930 | K79: ='5 Afvanding'!J51 -> 0 | ... U79: ='5 Afvanding'!T51 -> 2472032
A80: 4 | B80: 5.X | C80: Projektspecifikke arbejder ifm. Afvanding | D80: ='5 Afvanding'!C52 | E80: ='5 Afvanding'!D52 -> 0 | F80: ='5 Afvanding'!E52 -> 0 | G80: ='5 Afvanding'!F52 -> 0 | H80: ='5 Afvanding'!G52 -> 0 | I80: ='5 Afvanding'!H52 -> 0 | J80: ='5 Afvanding'!I52 -> 0 | K80: ='5 Afvanding'!J52 -> 0 | ... U80: ='5 Afvanding'!T52 -> 0
A81: 5 | B81: 5.X.1 | C81: Tværgående ledning (21+002) | D81: ='5 Afvanding'!C53 -> SUM | E81: ='5 Afvanding'!D53 -> 0 | F81: ='5 Afvanding'!E53 -> 0 | G81: ='5 Afvanding'!F53 -> 0 | H81: ='5 Afvanding'!G53 -> 0 | I81: ='5 Afvanding'!H53 -> 0 | J81: ='5 Afvanding'!I53 -> 0 | K81: ='5 Afvanding'!J53 -> 0 | ... U81: ='5 Afvanding'!T53 -> 0
A82: 6 | B82: 5.X.1.1 | C82: Spuling og tømning af eksisterende ledninger | D82: ='5 Afvanding'!C54 -> SUM | E82: ='5 Afvanding'!D54 -> 0 | F82: ='5 Afvanding'!E54 -> 0 | G82: ='5 Afvanding'!F54 -> 0 | H82: ='5 Afvanding'!G54 -> 0 | I82: ='5 Afvanding'!H54 -> 0 | J82: ='5 Afvanding'!I54 -> 1 | K82: ='5 Afvanding'!J54 -> 0 | ... U82: ='5 Afvanding'!T54 -> 27322
A83: 6 | B83: 5.X.1.2 | C83: Opmåling af udløbskote | D83: ='5 Afvanding'!C55 -> SUM | E83: ='5 Afvanding'!D55 -> 1 | F83: ='5 Afvanding'!E55 -> 0 | G83: ='5 Afvanding'!F55 -> 0 | H83: ='5 Afvanding'!G55 -> 0 | I83: ='5 Afvanding'!H55 -> 0 | J83: ='5 Afvanding'!I55 -> 0 | K83: ='5 Afvanding'!J55 -> 0 | ... U83: ='5 Afvanding'!T55 -> 9639
A84: 6 | B84: 5.X.1.3 | C84: Forlængelse af ledning | D84: ='5 Afvanding'!C56 -> M | E84: ='5 Afvanding'!D56 -> 0 | F84: ='5 Afvanding'!E56 -> 0 | G84: ='5 Afvanding'!F56 -> 0 | H84: ='5 Afvanding'!G56 -> 0 | I84: ='5 Afvanding'!H56 -> 0 | J84: ='5 Afvanding'!I56 -> 1 | K84: ='5 Afvanding'!J56 -> 0 | ... U84: ='5 Afvanding'!T56 -> 5444
A85: 5 | B85: 5.X.2 | C85: Strømpeforing af stenkiste (22+303) | D85: ='5 Afvanding'!C57 -> SUM | E85: ='5 Afvanding'!D57 -> 1 | F85: ='5 Afvanding'!E57 -> 0 | G85: ='5 Afvanding'!F57 -> 0 | H85: ='5 Afvanding'!G57 -> 0 | I85: ='5 Afvanding'!H57 -> 0 | J85: ='5 Afvanding'!I57 -> 0 | K85: ='5 Afvanding'!J57 -> 0 | ... U85: ='5 Afvanding'!T57 -> 543710
... A107: 5 | B107: 5.X.11 | C107: Afvandingsarbejder tæt på føringsveje | D107: ='5 Afvanding'!C79 -> M | E107: ='5 Afvanding'!D79 -> 0 | F107: ='5 Afvanding'!E79 -> 0 | G107: ='5 Afvanding'!F79 -> 0 | H107: ='5 Afvanding'!G79 -> 0 | I107: ='5 Afvanding'!H79 -> 0 | J107: ='5 Afvanding'!I79 -> 63 | K107: ='5 Afvanding'!J79 -> 0 | ... U107: ='5 Afvanding'!T79 -> 1449
A108: 3 | B108: 6 | C108: Kabelomlægning og føringsveje | D108: ='6 Kabelomlægning og føringsveje'!C2 | E108: ='6 Kabelomlægning og føringsveje'!D2 -> 0 | F108: ='6 Kabelomlægning og føringsveje'!E2 -> 0 | G108: ='6 Kabelomlægning og føringsveje'!F2 -> 0 | H108: ='6 Kabelomlægning og føringsveje'!G2 -> 0 | I108: ='6 Kabelomlægning og føringsveje'!H2 -> 0 | J108: ='6 Kabelomlægning og føringsveje'!I2 -> 0 | K108: ='6 Kabelomlægning og føringsveje'!J2 -> 0 | ... U108: ='6 Kabelomlægning og føringsveje'!T2 -> 0
A109: 4 | B109: 6.2 | C109: Kabelomlægning | D109: ='6 Kabelomlægning og føringsveje'!C3 | E109: ='6 Kabelomlægning og føringsveje'!D3 -> 0 | F109: ='6 Kabelomlægning og føringsveje'!E3 -> 0 | G109: ='6 Kabelomlægning og føringsveje'!F3 -> 0 | H109: ='6 Kabelomlægning og føringsveje'!G3 -> 0 | I109: ='6 Kabelomlægning og føringsveje'!H3 -> 0 | J109: ='6 Kabelomlægning og føringsveje'!I3 -> 0 | K109: ='6 Kabelomlægning og føringsveje'!J3 -> 0 | ... U109: ='6 Kabelomlægning og føringsveje'!T3 -> 0
A110: 5 | B110: 6.2.2 | C110: Opgravning af eksisterende kabler på fri strækning | D110: ='6 Kabelomlægning og føringsveje'!C4 -> M | E110: ='6 Kabelomlægning og føringsveje'!D4 -> 0 | F110: ='6 Kabelomlægning og føringsveje'!E4 -> 435 | G110: ='6 Kabelomlægning og føringsveje'!F4 -> 0 | H110: ='6 Kabelomlægning og føringsveje'!G4 -> 20 | I110: ='6 Kabelomlægning og føringsveje'!H4 -> 0 | J110: ='6 Kabelomlægning og føringsveje'!I4 -> 35 | K110: ='6 Kabelomlægning og føringsveje'!J4 -> 0 | ... U110: ='6 Kabelomlægning og føringsveje'!T4 -> 125440 | W110: Ja
A111: 5 | B111: 6.2.4 | C111: Optagning af eksisterende kabler i kabelrender | D111: ='6 Kabelomlægning og føringsveje'!C5 | E111: ='6 Kabelomlægning og føringsveje'!D5 -> 0 | F111: ='6 Kabelomlægning og føringsveje'!E5 -> 0 | G111: ='6 Kabelomlægning og føringsveje'!F5 -> 0 | H111: ='6 Kabelomlægning og føringsveje'!G5 -> 0 | I111: ='6 Kabelomlægning og føringsveje'!H5 -> 0 | J111: ='6 Kabelomlægning og føringsveje'!I5 -> 0 | K111: ='6 Kabelomlægning og føringsveje'!J5 -> 0 | ... U111: ='6 Kabelomlægning og føringsveje'!T5 -> 0
A112: 6 | B112: 6.2.4.1 | C112: Kabelrende med 1-10 kabler | D112: ='6 Kabelomlægning og føringsveje'!C6 -> M | E112: ='6 Kabelomlægning og føringsveje'!D6 -> 0 | F112: ='6 Kabelomlægning og føringsveje'!E6 -> 480 | G112: ='6 Kabelomlægning og føringsveje'!F6 -> 0 | H112: ='6 Kabelomlægning og føringsveje'!G6 -> 9140 | I112: ='6 Kabelomlægning og føringsveje'!H6 -> 0 | J112: ='6 Kabelomlægning og føringsveje'!I6 -> 0 | K112: ='6 Kabelomlægning og føringsveje'!J6 -> 0 | ... U112: ='6 Kabelomlægning og føringsveje'!T6 -> 1135160 | W112: Ja
A113: 5 | B113: 6.2.6 | C113: Nedgravning af eksisterende/nye kabler på fri strækning | D113: ='6 Kabelomlægning og føringsveje'!C7 -> M | E113: ='6 Kabelomlægning og føringsveje'!D7 -> 0 | F113: ='6 Kabelomlægning og føringsveje'!E7 -> 0 | G113: ='6 Kabelomlægning og føringsveje'!F7 -> 0 | H113: ='6 Kabelomlægning og føringsveje'!G7 -> 0 | I113: ='6 Kabelomlægning og føringsveje'!H7 -> 0 | J113: ='6 Kabelomlægning og føringsveje'!I7 -> 0 | K113: ='6 Kabelomlægning og føringsveje'!J7 -> 0 | ... U113: ='6 Kabelomlægning og føringsveje'!T7 -> 727160 | W113: Ja
A114: 5 | B114: 6.2.8 | C114: Lægning af eksisterende/nye kabler i kabelrender | D114: ='6 Kabelomlægning og føringsveje'!C8 | E114: ='6 Kabelomlægning og føringsveje'!D8 -> 0 | F114: ='6 Kabelomlægning og føringsveje'!E8 -> 0 | G114: ='6 Kabelomlægning og føringsveje'!F8 -> 0 | H114: ='6 Kabelomlægning og føringsveje'!G8 -> 0 | I114: ='6 Kabelomlægning og føringsveje'!H8 -> 0 | J114: ='6 Kabelomlægning og føringsveje'!I8 -> 0 | K114: ='6 Kabelomlægning og føringsveje'!J8 -> 0 | ... U114: ='6 Kabelomlægning og føringsveje'!T8 -> 0
A115: 6 | B115: 6.2.8.1 | C115: Kabelrende med 1-10 kabler | D115: ='6 Kabelomlægning og føringsveje'!C9 -> M | E115: ='6 Kabelomlægning og føringsveje'!D9 -> 0 | F115: ='6 Kabelomlægning og føringsveje'!E9 -> 0 | G115: ='6 Kabelomlægning og føringsveje'!F9 -> 0 | H115: ='6 Kabelomlægning og føringsveje'!G9 -> 0 | I115: ='6 Kabelomlægning og føringsveje'!H9 -> 0 | J115: ='6 Kabelomlægning og føringsveje'!I9 -> 0 | K115: ='6 Kabelomlægning og føringsveje'!J9 -> 0 | ... U115: ='6 Kabelomlægning og føringsveje'!T9 -> 216452 | W115: Ja
A116: 4 | B116: 6.3 | C116: Optagning af føringsveje | D116: ='6 Kabelomlægning og føringsveje'!C10 | E116: ='6 Kabelomlægning og føringsveje'!D10 -> 0 | F116: ='6 Kabelomlægning og føringsveje'!E10 -> 0 | G116: ='6 Kabelomlægning og føringsveje'!F10 -> 0 | H116: ='6 Kabelomlægning og føringsveje'!G10 -> 0 | I116: ='6 Kabelomlægning og føringsveje'!H10 -> 0 | J116: ='6 Kabelomlægning og føringsveje'!I10 -> 0 | K116: ='6 Kabelomlægning og føringsveje'!J10 -> 0 | ... U116: ='6 Kabelomlægning og føringsveje'!T10 -> 0
A117: 5 | B117: 6.3.1 | C117: Optagning af kabelrender | D117: ='6 Kabelomlægning og føringsveje'!C11 | E117: ='6 Kabelomlægning og føringsveje'!D11 -> 0 | F117: ='6 Kabelomlægning og føringsveje'!E11 -> 0 | G117: ='6 Kabelomlægning og føringsveje'!F11 -> 0 | H117: ='6 Kabelomlægning og føringsveje'!G11 -> 0 | I117: ='6 Kabelomlægning og føringsveje'!H11 -> 0 | J117: ='6 Kabelomlægning og føringsveje'!I11 -> 0 | K117: ='6 Kabelomlægning og føringsveje'!J11 -> 0 | ... U117: ='6 Kabelomlægning og føringsveje'!T11 -> 0
A118: 6 | B118: 6.3.1.4 | C118: Betonkabelrender til deponi | D118: ='6 Kabelomlægning og føringsveje'!C12 -> M | E118: ='6 Kabelomlægning og føringsveje'!D12 -> 0 | F118: ='6 Kabelomlægning og føringsveje'!E12 -> 480 | G118: ='6 Kabelomlægning og føringsveje'!F12 -> 0 | H118: ='6 Kabelomlægning og føringsveje'!G12 -> 9140 | I118: ='6 Kabelomlægning og føringsveje'!H12 -> 0 | J118: ='6 Kabelomlægning og føringsveje'!I12 -> 0 | K118: ='6 Kabelomlægning og føringsveje'!J12 -> 0 | ... U118: ='6 Kabelomlægning og føringsveje'!T12 -> 423280 | W118: Ja
A119: 4 | B119: 6.4 | C119: Etablering af føringsveje (kabelrender) | D119: ='6 Kabelomlægning og føringsveje'!C13 | E119: ='6 Kabelomlægning og føringsveje'!D13 -> 0 | F119: ='6 Kabelomlægning og føringsveje'!E13 -> 0 | G119: ='6 Kabelomlægning og føringsveje'!F13 -> 0 | H119: ='6 Kabelomlægning og føringsveje'!G13 -> 0 | I119: ='6 Kabelomlægning og føringsveje'!H13 -> 0 | J119: ='6 Kabelomlægning og føringsveje'!I13 -> 0 | K119: ='6 Kabelomlægning og føringsveje'!J13 -> 0 | ... U119: ='6 Kabelomlægning og føringsveje'!T13 -> 0
A120: 5 | B120: 6.4.1 | C120: Levering af nye kabelrender | D120: ='6 Kabelomlægning og føringsveje'!C14 | E120: ='6 Kabelomlægning og føringsveje'!D14 -> 0 | F120: ='6 Kabelomlægning og føringsveje'!E14 -> 0 | G120: ='6 Kabelomlægning og føringsveje'!F14 -> 0 | H120: ='6 Kabelomlægning og føringsveje'!G14 -> 0 | I120: ='6 Kabelomlægning og føringsveje'!H14 -> 0 | J120: ='6 Kabelomlægning og føringsveje'!I14 -> 0 | K120: ='6 Kabelomlægning og føringsveje'!J14 -> 0 | ... U120: ='6 Kabelomlægning og føringsveje'!T14 -> 0
A121: 6 | B121: 6.4.1.6 | C121: Plast 25-43 cm | D121: ='6 Kabelomlægning og føringsveje'!C15 -> M | E121: ='6 Kabelomlægning og føringsveje'!D15 -> 0 | F121: ='6 Kabelomlægning og føringsveje'!E15 -> 0 | G121: ='6 Kabelomlægning og føringsveje'!F15 -> 0 | H121: ='6 Kabelomlægning og føringsveje'!G15 -> 0 | I121: ='6 Kabelomlægning og føringsveje'!H15 -> 0 | J121: ='6 Kabelomlægning og føringsveje'!I15 -> 0 | K121: ='6 Kabelomlægning og føringsveje'!J15 -> 0 | ... U121: ='6 Kabelomlægning og føringsveje'!T15 -> 10210 | W121: Nej
...
